2025-10-13 00:59:33Z - No se pudo interpretar la hora 'Day 1'. Se mantiene el valor original.
2025-10-13 00:59:33Z - Formato de hora inesperado 'Day 1'. No se convierte a UTC.
2025-10-13 00:59:33Z - No se pudo interpretar la hora 'Day 2'. Se mantiene el valor original.
2025-10-13 00:59:33Z - Formato de hora inesperado 'Day 2'. No se convierte a UTC.
2025-10-13 00:59:34Z - No se pudo interpretar la hora 'Day 3'. Se mantiene el valor original.
2025-10-13 00:59:34Z - Formato de hora inesperado 'Day 3'. No se convierte a UTC.
2025-10-13 00:59:34Z - No se pudo interpretar la hora 'Day 4'. Se mantiene el valor original.
2025-10-13 00:59:34Z - Formato de hora inesperado 'Day 4'. No se convierte a UTC.
2025-10-13 00:59:35Z - No se pudo interpretar la hora 'Day 5'. Se mantiene el valor original.
2025-10-13 00:59:35Z - Formato de hora inesperado 'Day 5'. No se convierte a UTC.
2025-10-13 00:59:37Z - No se pudo interpretar la hora 'Day 1'. Se mantiene el valor original.
2025-10-13 00:59:37Z - Formato de hora inesperado 'Day 1'. No se convierte a UTC.
2025-10-13 00:59:37Z - No se pudo interpretar la hora 'Day 2'. Se mantiene el valor original.
2025-10-13 00:59:37Z - Formato de hora inesperado 'Day 2'. No se convierte a UTC.
2025-10-13 00:59:59Z - No se pudo interpretar la hora 'Day 1'. Se mantiene el valor original.
2025-10-13 00:59:59Z - Formato de hora inesperado 'Day 1'. No se convierte a UTC.
2025-10-13 01:00:00Z - No se pudo interpretar la hora 'Day 2'. Se mantiene el valor original.
2025-10-13 01:00:00Z - Formato de hora inesperado 'Day 2'. No se convierte a UTC.
2025-10-13 01:00:15Z - No se pudo interpretar la hora 'Day 1'. Se mantiene el valor original.
2025-10-13 01:00:15Z - Formato de hora inesperado 'Day 1'. No se convierte a UTC.
2025-10-13 01:00:15Z - No se pudo interpretar la hora 'Day 2'. Se mantiene el valor original.
2025-10-13 01:00:15Z - Formato de hora inesperado 'Day 2'. No se convierte a UTC.
2025-10-13 01:00:16Z - No se pudo interpretar la hora 'Day 1'. Se mantiene el valor original.
2025-10-13 01:00:16Z - Formato de hora inesperado 'Day 1'. No se convierte a UTC.
2025-10-13 01:00:16Z - No se pudo interpretar la hora 'Day 2'. Se mantiene el valor original.
2025-10-13 01:00:16Z - Formato de hora inesperado 'Day 2'. No se convierte a UTC.
2025-10-13 01:01:21Z - No se pudo interpretar la hora 'Day 1'. Se mantiene el valor original.
2025-10-13 01:01:21Z - Formato de hora inesperado 'Day 1'. No se convierte a UTC.
2025-10-13 01:01:22Z - No se pudo interpretar la hora 'Day 2'. Se mantiene el valor original.
2025-10-13 01:01:22Z - Formato de hora inesperado 'Day 2'. No se convierte a UTC.
2025-10-13 01:01:22Z - No se pudo interpretar la hora 'Day 3'. Se mantiene el valor original.
2025-10-13 01:01:22Z - Formato de hora inesperado 'Day 3'. No se convierte a UTC.
2025-10-13 01:01:23Z - No se pudo interpretar la hora 'Day 4'. Se mantiene el valor original.
2025-10-13 01:01:23Z - Formato de hora inesperado 'Day 4'. No se convierte a UTC.
2025-10-13 01:01:23Z - No se pudo interpretar la hora 'Day 5'. Se mantiene el valor original.
2025-10-13 01:01:23Z - Formato de hora inesperado 'Day 5'. No se convierte a UTC.
2025-10-13 01:01:25Z - No se pudo interpretar la hora 'Day 1'. Se mantiene el valor original.
2025-10-13 01:01:25Z - Formato de hora inesperado 'Day 1'. No se convierte a UTC.
2025-10-13 01:01:25Z - No se pudo interpretar la hora 'Day 2'. Se mantiene el valor original.
2025-10-13 01:01:25Z - Formato de hora inesperado 'Day 2'. No se convierte a UTC.
2025-10-13 01:01:48Z - No se pudo interpretar la hora 'Day 1'. Se mantiene el valor original.
2025-10-13 01:01:48Z - Formato de hora inesperado 'Day 1'. No se convierte a UTC.
2025-10-13 01:01:48Z - No se pudo interpretar la hora 'Day 2'. Se mantiene el valor original.
2025-10-13 01:01:48Z - Formato de hora inesperado 'Day 2'. No se convierte a UTC.
2025-10-13 01:02:04Z - No se pudo interpretar la hora 'Day 1'. Se mantiene el valor original.
2025-10-13 01:02:04Z - Formato de hora inesperado 'Day 1'. No se convierte a UTC.
2025-10-13 01:02:04Z - No se pudo interpretar la hora 'Day 2'. Se mantiene el valor original.
2025-10-13 01:02:04Z - Formato de hora inesperado 'Day 2'. No se convierte a UTC.
2025-10-13 01:02:04Z - No se pudo interpretar la hora 'Day 1'. Se mantiene el valor original.
2025-10-13 01:02:04Z - Formato de hora inesperado 'Day 1'. No se convierte a UTC.
2025-10-13 01:02:05Z - No se pudo interpretar la hora 'Day 2'. Se mantiene el valor original.
2025-10-13 01:02:05Z - Formato de hora inesperado 'Day 2'. No se convierte a UTC.
2025-10-13 01:02:10Z - No se pudo interpretar la hora 'Day 1'. Se mantiene el valor original.
2025-10-13 01:02:10Z - Formato de hora inesperado 'Day 1'. No se convierte a UTC.
2025-10-13 01:02:10Z - No se pudo interpretar la hora 'Day 2'. Se mantiene el valor original.
2025-10-13 01:02:10Z - Formato de hora inesperado 'Day 2'. No se convierte a UTC.
2025-10-13 01:02:25Z - No se pudo interpretar la hora 'Day 1'. Se mantiene el valor original.
2025-10-13 01:02:25Z - Formato de hora inesperado 'Day 1'. No se convierte a UTC.
2025-10-13 01:02:26Z - No se pudo interpretar la hora 'Day 2'. Se mantiene el valor original.
2025-10-13 01:02:26Z - Formato de hora inesperado 'Day 2'. No se convierte a UTC.
2025-10-13 01:02:33Z - No se pudo interpretar la hora 'Day 1'. Se mantiene el valor original.
2025-10-13 01:02:33Z - Formato de hora inesperado 'Day 1'. No se convierte a UTC.
2025-10-13 01:02:33Z - No se pudo interpretar la hora 'Day 1'. Se mantiene el valor original.
2025-10-13 01:02:33Z - Formato de hora inesperado 'Day 1'. No se convierte a UTC.
2025-10-13 01:02:33Z - No se pudo interpretar la hora 'Day 2'. Se mantiene el valor original.
2025-10-13 01:02:33Z - Formato de hora inesperado 'Day 2'. No se convierte a UTC.
2025-10-13 01:02:33Z - No se pudo interpretar la hora 'Day 2'. Se mantiene el valor original.
2025-10-13 01:02:33Z - Formato de hora inesperado 'Day 2'. No se convierte a UTC.
2025-10-13 01:03:00Z - No se pudo interpretar la hora 'Day 1'. Se mantiene el valor original.
2025-10-13 01:03:00Z - Formato de hora inesperado 'Day 1'. No se convierte a UTC.
2025-10-13 01:03:01Z - No se pudo interpretar la hora 'Day 2'. Se mantiene el valor original.
2025-10-13 01:03:01Z - Formato de hora inesperado 'Day 2'. No se convierte a UTC.
2025-10-13 01:03:01Z - No se pudo interpretar la hora 'Day 3'. Se mantiene el valor original.
2025-10-13 01:03:01Z - Formato de hora inesperado 'Day 3'. No se convierte a UTC.
2025-10-13 01:03:17Z - No se pudo interpretar la hora 'Jul Data'. Se mantiene el valor original.
2025-10-13 01:03:17Z - Formato de hora inesperado 'Jul Data'. No se convierte a UTC.
2025-10-13 01:03:21Z - No se pudo interpretar la hora 'Day 1'. Se mantiene el valor original.
2025-10-13 01:03:21Z - Formato de hora inesperado 'Day 1'. No se convierte a UTC.
2025-10-13 01:03:21Z - No se pudo interpretar la hora 'Day 2'. Se mantiene el valor original.
2025-10-13 01:03:21Z - Formato de hora inesperado 'Day 2'. No se convierte a UTC.
2025-10-13 01:03:22Z - No se pudo interpretar la hora 'Day 3'. Se mantiene el valor original.
2025-10-13 01:03:22Z - Formato de hora inesperado 'Day 3'. No se convierte a UTC.
2025-10-13 01:03:26Z - No se pudo interpretar la hora 'Day 1'. Se mantiene el valor original.
2025-10-13 01:03:26Z - Formato de hora inesperado 'Day 1'. No se convierte a UTC.
2025-10-13 01:03:26Z - No se pudo interpretar la hora 'Day 2'. Se mantiene el valor original.
2025-10-13 01:03:26Z - Formato de hora inesperado 'Day 2'. No se convierte a UTC.
2025-10-13 01:03:38Z - No se pudo interpretar la hora 'Day 1'. Se mantiene el valor original.
2025-10-13 01:03:38Z - Formato de hora inesperado 'Day 1'. No se convierte a UTC.
2025-10-13 01:03:38Z - No se pudo interpretar la hora 'Day 2'. Se mantiene el valor original.
2025-10-13 01:03:38Z - Formato de hora inesperado 'Day 2'. No se convierte a UTC.
2025-10-13 01:03:51Z - No se pudo interpretar la hora 'Day 1'. Se mantiene el valor original.
2025-10-13 01:03:51Z - Formato de hora inesperado 'Day 1'. No se convierte a UTC.
2025-10-13 01:03:56Z - No se pudo interpretar la hora 'Day 2'. Se mantiene el valor original.
2025-10-13 01:03:56Z - Formato de hora inesperado 'Day 2'. No se convierte a UTC.
2025-10-13 01:04:10Z - No se pudo interpretar la hora 'Day 1'. Se mantiene el valor original.
2025-10-13 01:04:10Z - Formato de hora inesperado 'Day 1'. No se convierte a UTC.
2025-10-13 01:04:10Z - No se pudo interpretar la hora 'Day 2'. Se mantiene el valor original.
2025-10-13 01:04:10Z - Formato de hora inesperado 'Day 2'. No se convierte a UTC.
2025-10-13 01:04:11Z - No se pudo interpretar la hora 'Day 3'. Se mantiene el valor original.
2025-10-13 01:04:11Z - Formato de hora inesperado 'Day 3'. No se convierte a UTC.
2025-10-13 01:04:11Z - No se pudo interpretar la hora 'Day 4'. Se mantiene el valor original.
2025-10-13 01:04:11Z - Formato de hora inesperado 'Day 4'. No se convierte a UTC.
2025-10-13 01:04:11Z - No se pudo interpretar la hora 'Day 5'. Se mantiene el valor original.
2025-10-13 01:04:11Z - Formato de hora inesperado 'Day 5'. No se convierte a UTC.
2025-10-13 01:04:24Z - No se pudo interpretar la hora 'Day 1'. Se mantiene el valor original.
2025-10-13 01:04:24Z - Formato de hora inesperado 'Day 1'. No se convierte a UTC.
2025-10-13 01:04:24Z - No se pudo interpretar la hora 'Day 2'. Se mantiene el valor original.
2025-10-13 01:04:24Z - Formato de hora inesperado 'Day 2'. No se convierte a UTC.
2025-10-13 01:04:36Z - No se pudo interpretar la hora 'Day 1'. Se mantiene el valor original.
2025-10-13 01:04:36Z - Formato de hora inesperado 'Day 1'. No se convierte a UTC.
2025-10-13 01:04:37Z - No se pudo interpretar la hora 'Day 2'. Se mantiene el valor original.
2025-10-13 01:04:37Z - Formato de hora inesperado 'Day 2'. No se convierte a UTC.
2025-10-13 01:04:47Z - No se pudo interpretar la hora 'Day 1'. Se mantiene el valor original.
2025-10-13 01:04:47Z - Formato de hora inesperado 'Day 1'. No se convierte a UTC.
2025-10-13 01:04:47Z - No se pudo interpretar la hora 'Day 2'. Se mantiene el valor original.
2025-10-13 01:04:47Z - Formato de hora inesperado 'Day 2'. No se convierte a UTC.
2025-10-13 01:04:48Z - No se pudo interpretar la hora 'Day 3'. Se mantiene el valor original.
2025-10-13 01:04:48Z - Formato de hora inesperado 'Day 3'. No se convierte a UTC.
2025-10-13 01:04:50Z - No se pudo interpretar la hora 'Day 1'. Se mantiene el valor original.
2025-10-13 01:04:50Z - Formato de hora inesperado 'Day 1'. No se convierte a UTC.
2025-10-13 01:04:51Z - No se pudo interpretar la hora 'Day 2'. Se mantiene el valor original.
2025-10-13 01:04:51Z - Formato de hora inesperado 'Day 2'. No se convierte a UTC.
2025-10-13 01:05:10Z - No se pudo interpretar la hora 'Day 1'. Se mantiene el valor original.
2025-10-13 01:05:10Z - Formato de hora inesperado 'Day 1'. No se convierte a UTC.
2025-10-13 01:05:10Z - No se pudo interpretar la hora 'Day 2'. Se mantiene el valor original.
2025-10-13 01:05:10Z - Formato de hora inesperado 'Day 2'. No se convierte a UTC.
2025-10-13 01:11:18Z - No se pudo interpretar la hora 'Day 1'. Se mantiene el valor original.
2025-10-13 01:11:18Z - Formato de hora inesperado 'Day 1'. No se convierte a UTC.
2025-10-13 01:11:19Z - No se pudo interpretar la hora 'Day 2'. Se mantiene el valor original.
2025-10-13 01:11:19Z - Formato de hora inesperado 'Day 2'. No se convierte a UTC.
2025-10-13 01:11:20Z - No se pudo interpretar la hora 'Day 3'. Se mantiene el valor original.
2025-10-13 01:11:20Z - Formato de hora inesperado 'Day 3'. No se convierte a UTC.
2025-10-13 01:11:21Z - No se pudo interpretar la hora 'Day 4'. Se mantiene el valor original.
2025-10-13 01:11:21Z - Formato de hora inesperado 'Day 4'. No se convierte a UTC.
2025-10-13 01:11:22Z - No se pudo interpretar la hora 'Day 5'. Se mantiene el valor original.
2025-10-13 01:11:22Z - Formato de hora inesperado 'Day 5'. No se convierte a UTC.
2025-10-13 01:11:27Z - No se pudo interpretar la hora 'Day 1'. Se mantiene el valor original.
2025-10-13 01:11:27Z - Formato de hora inesperado 'Day 1'. No se convierte a UTC.
2025-10-13 01:11:28Z - No se pudo interpretar la hora 'Day 2'. Se mantiene el valor original.
2025-10-13 01:11:28Z - Formato de hora inesperado 'Day 2'. No se convierte a UTC.
2025-10-13 01:12:27Z - No se pudo interpretar la hora 'Day 1'. Se mantiene el valor original.
2025-10-13 01:12:27Z - Formato de hora inesperado 'Day 1'. No se convierte a UTC.
2025-10-13 01:12:28Z - No se pudo interpretar la hora 'Day 2'. Se mantiene el valor original.
2025-10-13 01:12:28Z - Formato de hora inesperado 'Day 2'. No se convierte a UTC.
2025-10-13 01:13:03Z - No se pudo interpretar la hora 'Day 1'. Se mantiene el valor original.
2025-10-13 01:13:03Z - Formato de hora inesperado 'Day 1'. No se convierte a UTC.
2025-10-13 01:13:05Z - No se pudo interpretar la hora 'Day 2'. Se mantiene el valor original.
2025-10-13 01:13:05Z - Formato de hora inesperado 'Day 2'. No se convierte a UTC.
2025-10-13 01:13:05Z - No se pudo interpretar la hora 'Day 1'. Se mantiene el valor original.
2025-10-13 01:13:05Z - Formato de hora inesperado 'Day 1'. No se convierte a UTC.
2025-10-13 01:13:06Z - No se pudo interpretar la hora 'Day 2'. Se mantiene el valor original.
2025-10-13 01:13:06Z - Formato de hora inesperado 'Day 2'. No se convierte a UTC.
2025-10-13 01:13:27Z - No se pudo interpretar la hora 'Day 1'. Se mantiene el valor original.
2025-10-13 01:13:27Z - Formato de hora inesperado 'Day 1'. No se convierte a UTC.
2025-10-13 01:13:28Z - No se pudo interpretar la hora 'Day 2'. Se mantiene el valor original.
2025-10-13 01:13:28Z - Formato de hora inesperado 'Day 2'. No se convierte a UTC.
2025-10-13 01:14:00Z - No se pudo interpretar la hora 'Day 1'. Se mantiene el valor original.
2025-10-13 01:14:00Z - Formato de hora inesperado 'Day 1'. No se convierte a UTC.
2025-10-13 01:14:01Z - No se pudo interpretar la hora 'Day 2'. Se mantiene el valor original.
2025-10-13 01:14:01Z - Formato de hora inesperado 'Day 2'. No se convierte a UTC.
2025-10-13 01:14:30Z - No se pudo interpretar la hora 'Day 1'. Se mantiene el valor original.
2025-10-13 01:14:30Z - Formato de hora inesperado 'Day 1'. No se convierte a UTC.
2025-10-13 01:14:31Z - No se pudo interpretar la hora 'Day 1'. Se mantiene el valor original.
2025-10-13 01:14:31Z - Formato de hora inesperado 'Day 1'. No se convierte a UTC.
2025-10-13 01:14:31Z - No se pudo interpretar la hora 'Day 2'. Se mantiene el valor original.
2025-10-13 01:14:31Z - Formato de hora inesperado 'Day 2'. No se convierte a UTC.
2025-10-13 01:14:32Z - No se pudo interpretar la hora 'Day 2'. Se mantiene el valor original.
2025-10-13 01:14:32Z - Formato de hora inesperado 'Day 2'. No se convierte a UTC.
2025-10-13 01:15:40Z - No se pudo interpretar la hora 'Day 1'. Se mantiene el valor original.
2025-10-13 01:15:40Z - Formato de hora inesperado 'Day 1'. No se convierte a UTC.
2025-10-13 01:15:41Z - No se pudo interpretar la hora 'Day 2'. Se mantiene el valor original.
2025-10-13 01:15:41Z - Formato de hora inesperado 'Day 2'. No se convierte a UTC.
2025-10-13 01:15:43Z - No se pudo interpretar la hora 'Day 3'. Se mantiene el valor original.
2025-10-13 01:15:43Z - Formato de hora inesperado 'Day 3'. No se convierte a UTC.
2025-10-13 01:16:27Z - No se pudo interpretar la hora 'Jul Data'. Se mantiene el valor original.
2025-10-13 01:16:27Z - Formato de hora inesperado 'Jul Data'. No se convierte a UTC.
2025-10-13 01:16:39Z - No se pudo interpretar la hora 'Day 1'. Se mantiene el valor original.
2025-10-13 01:16:39Z - Formato de hora inesperado 'Day 1'. No se convierte a UTC.
2025-10-13 01:16:40Z - No se pudo interpretar la hora 'Day 2'. Se mantiene el valor original.
2025-10-13 01:16:40Z - Formato de hora inesperado 'Day 2'. No se convierte a UTC.
2025-10-13 01:16:41Z - No se pudo interpretar la hora 'Day 3'. Se mantiene el valor original.
2025-10-13 01:16:41Z - Formato de hora inesperado 'Day 3'. No se convierte a UTC.
2025-10-13 01:16:57Z - No se pudo interpretar la hora 'Day 1'. Se mantiene el valor original.
2025-10-13 01:16:57Z - Formato de hora inesperado 'Day 1'. No se convierte a UTC.
2025-10-13 01:16:58Z - No se pudo interpretar la hora 'Day 2'. Se mantiene el valor original.
2025-10-13 01:16:58Z - Formato de hora inesperado 'Day 2'. No se convierte a UTC.
2025-10-13 01:17:33Z - No se pudo interpretar la hora 'Day 1'. Se mantiene el valor original.
2025-10-13 01:17:33Z - Formato de hora inesperado 'Day 1'. No se convierte a UTC.
2025-10-13 01:17:35Z - No se pudo interpretar la hora 'Day 2'. Se mantiene el valor original.
2025-10-13 01:17:35Z - Formato de hora inesperado 'Day 2'. No se convierte a UTC.
2025-10-13 01:18:17Z - No se pudo interpretar la hora 'Day 1'. Se mantiene el valor original.
2025-10-13 01:18:17Z - Formato de hora inesperado 'Day 1'. No se convierte a UTC.
2025-10-13 01:18:23Z - No se pudo interpretar la hora 'Day 2'. Se mantiene el valor original.
2025-10-13 01:18:23Z - Formato de hora inesperado 'Day 2'. No se convierte a UTC.
2025-10-13 01:19:10Z - No se pudo interpretar la hora 'Day 1'. Se mantiene el valor original.
2025-10-13 01:19:10Z - Formato de hora inesperado 'Day 1'. No se convierte a UTC.
2025-10-13 01:19:12Z - No se pudo interpretar la hora 'Day 2'. Se mantiene el valor original.
2025-10-13 01:19:12Z - Formato de hora inesperado 'Day 2'. No se convierte a UTC.
2025-10-13 01:19:14Z - No se pudo interpretar la hora 'Day 3'. Se mantiene el valor original.
2025-10-13 01:19:14Z - Formato de hora inesperado 'Day 3'. No se convierte a UTC.
2025-10-13 01:19:14Z - No se pudo interpretar la hora 'Day 4'. Se mantiene el valor original.
2025-10-13 01:19:14Z - Formato de hora inesperado 'Day 4'. No se convierte a UTC.
2025-10-13 01:19:16Z - No se pudo interpretar la hora 'Day 5'. Se mantiene el valor original.
2025-10-13 01:19:16Z - Formato de hora inesperado 'Day 5'. No se convierte a UTC.
2025-10-13 01:19:42Z - No se pudo interpretar la hora 'Day 1'. Se mantiene el valor original.
2025-10-13 01:19:42Z - Formato de hora inesperado 'Day 1'. No se convierte a UTC.
2025-10-13 01:19:42Z - No se pudo interpretar la hora 'Day 2'. Se mantiene el valor original.
2025-10-13 01:19:42Z - Formato de hora inesperado 'Day 2'. No se convierte a UTC.
2025-10-13 01:20:22Z - No se pudo interpretar la hora 'Day 1'. Se mantiene el valor original.
2025-10-13 01:20:22Z - Formato de hora inesperado 'Day 1'. No se convierte a UTC.
2025-10-13 01:20:24Z - No se pudo interpretar la hora 'Day 2'. Se mantiene el valor original.
2025-10-13 01:20:24Z - Formato de hora inesperado 'Day 2'. No se convierte a UTC.
2025-10-13 01:20:42Z - No se pudo interpretar la hora 'Day 1'. Se mantiene el valor original.
2025-10-13 01:20:42Z - Formato de hora inesperado 'Day 1'. No se convierte a UTC.
2025-10-13 01:20:44Z - No se pudo interpretar la hora 'Day 2'. Se mantiene el valor original.
2025-10-13 01:20:44Z - Formato de hora inesperado 'Day 2'. No se convierte a UTC.
2025-10-13 01:20:44Z - No se pudo interpretar la hora 'Day 3'. Se mantiene el valor original.
2025-10-13 01:20:44Z - Formato de hora inesperado 'Day 3'. No se convierte a UTC.
2025-10-13 01:20:52Z - No se pudo interpretar la hora 'Day 1'. Se mantiene el valor original.
2025-10-13 01:20:52Z - Formato de hora inesperado 'Day 1'. No se convierte a UTC.
2025-10-13 01:20:52Z - No se pudo interpretar la hora 'Day 2'. Se mantiene el valor original.
2025-10-13 01:20:52Z - Formato de hora inesperado 'Day 2'. No se convierte a UTC.
2025-10-13 01:21:43Z - No se pudo interpretar la hora 'Day 1'. Se mantiene el valor original.
2025-10-13 01:21:43Z - Formato de hora inesperado 'Day 1'. No se convierte a UTC.
2025-10-13 01:21:43Z - No se pudo interpretar la hora 'Day 2'. Se mantiene el valor original.
2025-10-13 01:21:43Z - Formato de hora inesperado 'Day 2'. No se convierte a UTC.
2025-10-13 01:22:19Z - No se pudo interpretar la hora 'Day 1'. Se mantiene el valor original.
2025-10-13 01:22:19Z - Formato de hora inesperado 'Day 1'. No se convierte a UTC.
2025-10-13 01:22:21Z - No se pudo interpretar la hora 'Day 2'. Se mantiene el valor original.
2025-10-13 01:22:21Z - Formato de hora inesperado 'Day 2'. No se convierte a UTC.
2025-10-13 01:22:43Z - No se pudo interpretar la hora 'Day 1'. Se mantiene el valor original.
2025-10-13 01:22:43Z - Formato de hora inesperado 'Day 1'. No se convierte a UTC.
2025-10-13 01:22:44Z - No se pudo interpretar la hora 'Day 2'. Se mantiene el valor original.
2025-10-13 01:22:44Z - Formato de hora inesperado 'Day 2'. No se convierte a UTC.
2025-10-13 01:23:35Z - No se pudo interpretar la hora 'Day 1'. Se mantiene el valor original.
2025-10-13 01:23:35Z - Formato de hora inesperado 'Day 1'. No se convierte a UTC.
2025-10-13 01:23:38Z - No se pudo interpretar la hora 'Day 2'. Se mantiene el valor original.
2025-10-13 01:23:38Z - Formato de hora inesperado 'Day 2'. No se convierte a UTC.
2025-10-13 01:23:39Z - No se pudo interpretar la hora 'Day 3'. Se mantiene el valor original.
2025-10-13 01:23:39Z - Formato de hora inesperado 'Day 3'. No se convierte a UTC.
2025-10-13 01:23:53Z - No se pudo interpretar la hora 'Day 1'. Se mantiene el valor original.
2025-10-13 01:23:53Z - Formato de hora inesperado 'Day 1'. No se convierte a UTC.
2025-10-13 01:23:53Z - No se pudo interpretar la hora 'Day 2'. Se mantiene el valor original.
2025-10-13 01:23:53Z - Formato de hora inesperado 'Day 2'. No se convierte a UTC.
2025-10-13 01:24:00Z - No se pudo interpretar la hora 'Day 1'. Se mantiene el valor original.
2025-10-13 01:24:00Z - Formato de hora inesperado 'Day 1'. No se convierte a UTC.
2025-10-13 01:24:00Z - No se pudo interpretar la hora 'Day 2'. Se mantiene el valor original.
2025-10-13 01:24:00Z - Formato de hora inesperado 'Day 2'. No se convierte a UTC.
2025-10-13 01:24:08Z - No se pudo interpretar la hora 'Day 1'. Se mantiene el valor original.
2025-10-13 01:24:08Z - Formato de hora inesperado 'Day 1'. No se convierte a UTC.
2025-10-13 01:24:09Z - No se pudo interpretar la hora 'Day 2'. Se mantiene el valor original.
2025-10-13 01:24:09Z - Formato de hora inesperado 'Day 2'. No se convierte a UTC.
2025-10-13 01:24:16Z - No se pudo interpretar la hora 'Jul Data'. Se mantiene el valor original.
2025-10-13 01:24:16Z - Formato de hora inesperado 'Jul Data'. No se convierte a UTC.
2025-10-13 01:24:36Z - No se pudo interpretar la hora 'Day 1'. Se mantiene el valor original.
2025-10-13 01:24:36Z - Formato de hora inesperado 'Day 1'. No se convierte a UTC.
2025-10-13 01:24:38Z - No se pudo interpretar la hora 'Day 2'. Se mantiene el valor original.
2025-10-13 01:24:38Z - Formato de hora inesperado 'Day 2'. No se convierte a UTC.
2025-10-13 01:24:56Z - No se pudo interpretar la hora 'Day 1'. Se mantiene el valor original.
2025-10-13 01:24:56Z - Formato de hora inesperado 'Day 1'. No se convierte a UTC.
2025-10-13 01:24:57Z - No se pudo interpretar la hora 'Day 2'. Se mantiene el valor original.
2025-10-13 01:24:57Z - Formato de hora inesperado 'Day 2'. No se convierte a UTC.
2025-10-13 01:25:43Z - No se pudo interpretar la hora 'Q2 Data'. Se mantiene el valor original.
2025-10-13 01:25:43Z - Formato de hora inesperado 'Q2 Data'. No se convierte a UTC.
2025-10-13 01:26:28Z - No se pudo interpretar la hora 'Nov Data'. Se mantiene el valor original.
2025-10-13 01:26:28Z - Formato de hora inesperado 'Nov Data'. No se convierte a UTC.
2025-10-13 01:26:40Z - No se pudo interpretar la hora 'Day 1'. Se mantiene el valor original.
2025-10-13 01:26:40Z - Formato de hora inesperado 'Day 1'. No se convierte a UTC.
2025-10-13 01:26:42Z - No se pudo interpretar la hora 'Day 2'. Se mantiene el valor original.
2025-10-13 01:26:42Z - Formato de hora inesperado 'Day 2'. No se convierte a UTC.
2025-10-13 01:26:43Z - No se pudo interpretar la hora 'Day 3'. Se mantiene el valor original.
2025-10-13 01:26:43Z - Formato de hora inesperado 'Day 3'. No se convierte a UTC.
2025-10-13 01:26:44Z - No se pudo interpretar la hora 'Day 4'. Se mantiene el valor original.
2025-10-13 01:26:44Z - Formato de hora inesperado 'Day 4'. No se convierte a UTC.
2025-10-13 01:26:44Z - No se pudo interpretar la hora 'Day 5'. Se mantiene el valor original.
2025-10-13 01:26:44Z - Formato de hora inesperado 'Day 5'. No se convierte a UTC.
2025-10-13 01:27:17Z - No se pudo interpretar la hora 'Day 1'. Se mantiene el valor original.
2025-10-13 01:27:17Z - Formato de hora inesperado 'Day 1'. No se convierte a UTC.
2025-10-13 01:27:17Z - No se pudo interpretar la hora 'Day 2'. Se mantiene el valor original.
2025-10-13 01:27:17Z - Formato de hora inesperado 'Day 2'. No se convierte a UTC.
2025-10-13 01:27:22Z - No se pudo interpretar la hora 'Day 1'. Se mantiene el valor original.
2025-10-13 01:27:22Z - Formato de hora inesperado 'Day 1'. No se convierte a UTC.
2025-10-13 01:27:23Z - No se pudo interpretar la hora 'Day 2'. Se mantiene el valor original.
2025-10-13 01:27:23Z - Formato de hora inesperado 'Day 2'. No se convierte a UTC.
2025-10-13 01:27:57Z - No se pudo interpretar la hora 'Day 1'. Se mantiene el valor original.
2025-10-13 01:27:57Z - Formato de hora inesperado 'Day 1'. No se convierte a UTC.
2025-10-13 01:27:58Z - No se pudo interpretar la hora 'Day 2'. Se mantiene el valor original.
2025-10-13 01:27:58Z - Formato de hora inesperado 'Day 2'. No se convierte a UTC.
2025-10-13 01:28:23Z - No se pudo interpretar la hora 'Day 1'. Se mantiene el valor original.
2025-10-13 01:28:23Z - Formato de hora inesperado 'Day 1'. No se convierte a UTC.
2025-10-13 01:28:24Z - No se pudo interpretar la hora 'Day 1'. Se mantiene el valor original.
2025-10-13 01:28:24Z - Formato de hora inesperado 'Day 1'. No se convierte a UTC.
2025-10-13 01:28:24Z - No se pudo interpretar la hora 'Day 2'. Se mantiene el valor original.
2025-10-13 01:28:24Z - Formato de hora inesperado 'Day 2'. No se convierte a UTC.
2025-10-13 01:28:25Z - No se pudo interpretar la hora 'Day 2'. Se mantiene el valor original.
2025-10-13 01:28:25Z - Formato de hora inesperado 'Day 2'. No se convierte a UTC.
2025-10-13 01:28:26Z - No se pudo interpretar la hora 'Day 3'. Se mantiene el valor original.
2025-10-13 01:28:26Z - Formato de hora inesperado 'Day 3'. No se convierte a UTC.
2025-10-13 01:29:00Z - No se pudo interpretar la hora 'Day 1'. Se mantiene el valor original.
2025-10-13 01:29:00Z - Formato de hora inesperado 'Day 1'. No se convierte a UTC.
2025-10-13 01:29:01Z - No se pudo interpretar la hora 'Day 2'. Se mantiene el valor original.
2025-10-13 01:29:01Z - Formato de hora inesperado 'Day 2'. No se convierte a UTC.
2025-10-13 01:29:36Z - No se pudo interpretar la hora 'Day 1'. Se mantiene el valor original.
2025-10-13 01:29:36Z - Formato de hora inesperado 'Day 1'. No se convierte a UTC.
2025-10-13 01:29:42Z - No se pudo interpretar la hora 'Day 2'. Se mantiene el valor original.
2025-10-13 01:29:42Z - Formato de hora inesperado 'Day 2'. No se convierte a UTC.
2025-10-13 01:31:08Z - No se pudo interpretar la hora 'Day 1'. Se mantiene el valor original.
2025-10-13 01:31:08Z - Formato de hora inesperado 'Day 1'. No se convierte a UTC.
2025-10-13 01:31:09Z - No se pudo interpretar la hora 'Day 2'. Se mantiene el valor original.
2025-10-13 01:31:09Z - Formato de hora inesperado 'Day 2'. No se convierte a UTC.
2025-10-13 01:31:10Z - No se pudo interpretar la hora 'Day 3'. Se mantiene el valor original.
2025-10-13 01:31:10Z - Formato de hora inesperado 'Day 3'. No se convierte a UTC.
2025-10-13 01:31:45Z - No se pudo interpretar la hora 'Jul Data'. Se mantiene el valor original.
2025-10-13 01:31:45Z - Formato de hora inesperado 'Jul Data'. No se convierte a UTC.
2025-10-13 01:32:04Z - No se pudo interpretar la hora 'Day 1'. Se mantiene el valor original.
2025-10-13 01:32:04Z - Formato de hora inesperado 'Day 1'. No se convierte a UTC.
2025-10-13 01:32:05Z - No se pudo interpretar la hora 'Day 2'. Se mantiene el valor original.
2025-10-13 01:32:05Z - Formato de hora inesperado 'Day 2'. No se convierte a UTC.
2025-10-13 01:32:06Z - No se pudo interpretar la hora 'Day 3'. Se mantiene el valor original.
2025-10-13 01:32:06Z - Formato de hora inesperado 'Day 3'. No se convierte a UTC.
2025-10-13 01:32:12Z - No se pudo interpretar la hora 'Day 1'. Se mantiene el valor original.
2025-10-13 01:32:12Z - Formato de hora inesperado 'Day 1'. No se convierte a UTC.
2025-10-13 01:32:14Z - No se pudo interpretar la hora 'Day 2'. Se mantiene el valor original.
2025-10-13 01:32:14Z - Formato de hora inesperado 'Day 2'. No se convierte a UTC.
2025-10-13 01:32:34Z - No se pudo interpretar la hora 'Day 1'. Se mantiene el valor original.
2025-10-13 01:32:34Z - Formato de hora inesperado 'Day 1'. No se convierte a UTC.
2025-10-13 01:32:34Z - No se pudo interpretar la hora 'Day 2'. Se mantiene el valor original.
2025-10-13 01:32:34Z - Formato de hora inesperado 'Day 2'. No se convierte a UTC.
2025-10-13 01:32:58Z - No se pudo interpretar la hora 'Day 1'. Se mantiene el valor original.
2025-10-13 01:32:58Z - Formato de hora inesperado 'Day 1'. No se convierte a UTC.
2025-10-13 01:32:58Z - No se pudo interpretar la hora 'Day 2'. Se mantiene el valor original.
2025-10-13 01:32:58Z - Formato de hora inesperado 'Day 2'. No se convierte a UTC.
2025-10-13 01:33:25Z - No se pudo interpretar la hora 'Day 1'. Se mantiene el valor original.
2025-10-13 01:33:25Z - Formato de hora inesperado 'Day 1'. No se convierte a UTC.
2025-10-13 01:33:26Z - No se pudo interpretar la hora 'Day 2'. Se mantiene el valor original.
2025-10-13 01:33:26Z - Formato de hora inesperado 'Day 2'. No se convierte a UTC.
2025-10-13 01:34:12Z - No se pudo interpretar la hora 'Day 1'. Se mantiene el valor original.
2025-10-13 01:34:12Z - Formato de hora inesperado 'Day 1'. No se convierte a UTC.
2025-10-13 01:34:14Z - No se pudo interpretar la hora 'Day 2'. Se mantiene el valor original.
2025-10-13 01:34:14Z - Formato de hora inesperado 'Day 2'. No se convierte a UTC.
2025-10-13 01:34:15Z - No se pudo interpretar la hora 'Day 3'. Se mantiene el valor original.
2025-10-13 01:34:15Z - Formato de hora inesperado 'Day 3'. No se convierte a UTC.
2025-10-13 01:34:16Z - No se pudo interpretar la hora 'Day 4'. Se mantiene el valor original.
2025-10-13 01:34:16Z - Formato de hora inesperado 'Day 4'. No se convierte a UTC.
2025-10-13 01:34:16Z - No se pudo interpretar la hora 'Day 5'. Se mantiene el valor original.
2025-10-13 01:34:16Z - Formato de hora inesperado 'Day 5'. No se convierte a UTC.
2025-10-13 01:34:29Z - No se pudo interpretar la hora 'Day 1'. Se mantiene el valor original.
2025-10-13 01:34:29Z - Formato de hora inesperado 'Day 1'. No se convierte a UTC.
2025-10-13 01:34:31Z - No se pudo interpretar la hora 'Day 2'. Se mantiene el valor original.
2025-10-13 01:34:31Z - Formato de hora inesperado 'Day 2'. No se convierte a UTC.
2025-10-13 01:34:39Z - No se pudo interpretar la hora 'Day 1'. Se mantiene el valor original.
2025-10-13 01:34:39Z - Formato de hora inesperado 'Day 1'. No se convierte a UTC.
2025-10-13 01:34:39Z - No se pudo interpretar la hora 'Day 2'. Se mantiene el valor original.
2025-10-13 01:34:39Z - Formato de hora inesperado 'Day 2'. No se convierte a UTC.
2025-10-13 01:34:51Z - No se pudo interpretar la hora 'Day 1'. Se mantiene el valor original.
2025-10-13 01:34:51Z - Formato de hora inesperado 'Day 1'. No se convierte a UTC.
2025-10-13 01:34:51Z - No se pudo interpretar la hora 'Day 2'. Se mantiene el valor original.
2025-10-13 01:34:51Z - Formato de hora inesperado 'Day 2'. No se convierte a UTC.
2025-10-13 01:35:13Z - No se pudo interpretar la hora 'Day 1'. Se mantiene el valor original.
2025-10-13 01:35:13Z - Formato de hora inesperado 'Day 1'. No se convierte a UTC.
2025-10-13 01:35:14Z - No se pudo interpretar la hora 'Day 2'. Se mantiene el valor original.
2025-10-13 01:35:14Z - Formato de hora inesperado 'Day 2'. No se convierte a UTC.
2025-10-13 01:35:25Z - No se pudo interpretar la hora 'Day 1'. Se mantiene el valor original.
2025-10-13 01:35:25Z - Formato de hora inesperado 'Day 1'. No se convierte a UTC.
2025-10-13 01:35:26Z - No se pudo interpretar la hora 'Day 2'. Se mantiene el valor original.
2025-10-13 01:35:26Z - Formato de hora inesperado 'Day 2'. No se convierte a UTC.
2025-10-13 01:35:47Z - No se pudo interpretar la hora 'Day 1'. Se mantiene el valor original.
2025-10-13 01:35:47Z - Formato de hora inesperado 'Day 1'. No se convierte a UTC.
2025-10-13 01:35:48Z - No se pudo interpretar la hora 'Day 2'. Se mantiene el valor original.
2025-10-13 01:35:48Z - Formato de hora inesperado 'Day 2'. No se convierte a UTC.
2025-10-13 01:36:01Z - No se pudo interpretar la hora 'Day 1'. Se mantiene el valor original.
2025-10-13 01:36:01Z - Formato de hora inesperado 'Day 1'. No se convierte a UTC.
2025-10-13 01:36:01Z - No se pudo interpretar la hora 'Day 1'. Se mantiene el valor original.
2025-10-13 01:36:01Z - Formato de hora inesperado 'Day 1'. No se convierte a UTC.
2025-10-13 01:36:01Z - No se pudo interpretar la hora 'Day 2'. Se mantiene el valor original.
2025-10-13 01:36:01Z - Formato de hora inesperado 'Day 2'. No se convierte a UTC.
2025-10-13 01:36:03Z - No se pudo interpretar la hora 'Day 2'. Se mantiene el valor original.
2025-10-13 01:36:03Z - Formato de hora inesperado 'Day 2'. No se convierte a UTC.
2025-10-13 01:36:04Z - No se pudo interpretar la hora 'Day 3'. Se mantiene el valor original.
2025-10-13 01:36:04Z - Formato de hora inesperado 'Day 3'. No se convierte a UTC.
2025-10-13 01:36:25Z - No se pudo interpretar la hora 'Day 1'. Se mantiene el valor original.
2025-10-13 01:36:25Z - Formato de hora inesperado 'Day 1'. No se convierte a UTC.
2025-10-13 01:36:26Z - No se pudo interpretar la hora 'Day 2'. Se mantiene el valor original.
2025-10-13 01:36:26Z - Formato de hora inesperado 'Day 2'. No se convierte a UTC.
2025-10-13 01:37:06Z - No se pudo interpretar la hora 'Day 1'. Se mantiene el valor original.
2025-10-13 01:37:06Z - Formato de hora inesperado 'Day 1'. No se convierte a UTC.
2025-10-13 01:37:07Z - No se pudo interpretar la hora 'Day 2'. Se mantiene el valor original.
2025-10-13 01:37:07Z - Formato de hora inesperado 'Day 2'. No se convierte a UTC.
2025-10-13 01:37:12Z - No se pudo interpretar la hora 'Day 1'. Se mantiene el valor original.
2025-10-13 01:37:12Z - Formato de hora inesperado 'Day 1'. No se convierte a UTC.
2025-10-13 01:37:14Z - No se pudo interpretar la hora 'Day 2'. Se mantiene el valor original.
2025-10-13 01:37:14Z - Formato de hora inesperado 'Day 2'. No se convierte a UTC.
2025-10-13 01:37:23Z - No se pudo interpretar la hora 'Day 1'. Se mantiene el valor original.
2025-10-13 01:37:23Z - Formato de hora inesperado 'Day 1'. No se convierte a UTC.
2025-10-13 01:37:25Z - No se pudo interpretar la hora 'Day 2'. Se mantiene el valor original.
2025-10-13 01:37:25Z - Formato de hora inesperado 'Day 2'. No se convierte a UTC.
2025-10-13 01:37:45Z - No se pudo interpretar la hora 'Day 1'. Se mantiene el valor original.
2025-10-13 01:37:45Z - Formato de hora inesperado 'Day 1'. No se convierte a UTC.
2025-10-13 01:37:45Z - No se pudo interpretar la hora 'Day 2'. Se mantiene el valor original.
2025-10-13 01:37:45Z - Formato de hora inesperado 'Day 2'. No se convierte a UTC.
2025-10-13 01:38:26Z - No se pudo interpretar la hora 'Day 1'. Se mantiene el valor original.
2025-10-13 01:38:26Z - Formato de hora inesperado 'Day 1'. No se convierte a UTC.
2025-10-13 01:38:27Z - No se pudo interpretar la hora 'Day 2'. Se mantiene el valor original.
2025-10-13 01:38:27Z - Formato de hora inesperado 'Day 2'. No se convierte a UTC.
2025-10-13 01:38:29Z - No se pudo interpretar la hora 'Day 3'. Se mantiene el valor original.
2025-10-13 01:38:29Z - Formato de hora inesperado 'Day 3'. No se convierte a UTC.
2025-10-13 01:38:45Z - No se pudo interpretar la hora 'Day 1'. Se mantiene el valor original.
2025-10-13 01:38:45Z - Formato de hora inesperado 'Day 1'. No se convierte a UTC.
2025-10-13 01:38:47Z - No se pudo interpretar la hora 'Day 2'. Se mantiene el valor original.
2025-10-13 01:38:47Z - Formato de hora inesperado 'Day 2'. No se convierte a UTC.
2025-10-13 01:38:59Z - No se pudo interpretar la hora 'Day 1'. Se mantiene el valor original.
2025-10-13 01:38:59Z - Formato de hora inesperado 'Day 1'. No se convierte a UTC.
2025-10-13 01:39:00Z - No se pudo interpretar la hora 'Day 2'. Se mantiene el valor original.
2025-10-13 01:39:00Z - Formato de hora inesperado 'Day 2'. No se convierte a UTC.
2025-10-13 01:39:14Z - No se pudo interpretar la hora 'Jul Data'. Se mantiene el valor original.
2025-10-13 01:39:14Z - Formato de hora inesperado 'Jul Data'. No se convierte a UTC.
2025-10-13 01:39:31Z - No se pudo interpretar la hora 'Day 1'. Se mantiene el valor original.
2025-10-13 01:39:31Z - Formato de hora inesperado 'Day 1'. No se convierte a UTC.
2025-10-13 01:39:33Z - No se pudo interpretar la hora 'Day 1'. Se mantiene el valor original.
2025-10-13 01:39:33Z - Formato de hora inesperado 'Day 1'. No se convierte a UTC.
2025-10-13 01:39:33Z - No se pudo interpretar la hora 'Day 2'. Se mantiene el valor original.
2025-10-13 01:39:33Z - Formato de hora inesperado 'Day 2'. No se convierte a UTC.
2025-10-13 01:39:33Z - No se pudo interpretar la hora 'Day 2'. Se mantiene el valor original.
2025-10-13 01:39:33Z - Formato de hora inesperado 'Day 2'. No se convierte a UTC.
2025-10-13 01:39:34Z - No se pudo interpretar la hora 'Day 3'. Se mantiene el valor original.
2025-10-13 01:39:34Z - Formato de hora inesperado 'Day 3'. No se convierte a UTC.
2025-10-13 01:39:45Z - No se pudo interpretar la hora 'Day 1'. Se mantiene el valor original.
2025-10-13 01:39:45Z - Formato de hora inesperado 'Day 1'. No se convierte a UTC.
2025-10-13 01:39:46Z - No se pudo interpretar la hora 'Day 2'. Se mantiene el valor original.
2025-10-13 01:39:46Z - Formato de hora inesperado 'Day 2'. No se convierte a UTC.
2025-10-13 01:40:02Z - No se pudo interpretar la hora 'Aug Data'. Se mantiene el valor original.
2025-10-13 01:40:02Z - Formato de hora inesperado 'Aug Data'. No se convierte a UTC.
2025-10-13 01:40:20Z - No se pudo interpretar la hora 'Sep Data'. Se mantiene el valor original.
2025-10-13 01:40:20Z - Formato de hora inesperado 'Sep Data'. No se convierte a UTC.
2025-10-13 01:40:26Z - No se pudo interpretar la hora 'Sep Data'. Se mantiene el valor original.
2025-10-13 01:40:26Z - Formato de hora inesperado 'Sep Data'. No se convierte a UTC.
2025-10-13 01:40:33Z - No se pudo interpretar la hora 'Sep Data'. Se mantiene el valor original.
2025-10-13 01:40:33Z - Formato de hora inesperado 'Sep Data'. No se convierte a UTC.
2025-10-13 01:40:36Z - No se pudo interpretar la hora 'Sep Data'. Se mantiene el valor original.
2025-10-13 01:40:36Z - Formato de hora inesperado 'Sep Data'. No se convierte a UTC.
2025-10-13 01:40:51Z - No se pudo interpretar la hora 'Sep Data'. Se mantiene el valor original.
2025-10-13 01:40:51Z - Formato de hora inesperado 'Sep Data'. No se convierte a UTC.
2025-10-13 01:40:51Z - No se pudo interpretar la hora 'Oct Data'. Se mantiene el valor original.
2025-10-13 01:40:51Z - Formato de hora inesperado 'Oct Data'. No se convierte a UTC.
2025-10-13 01:40:52Z - No se pudo interpretar la hora 'Day 1'. Se mantiene el valor original.
2025-10-13 01:40:52Z - Formato de hora inesperado 'Day 1'. No se convierte a UTC.
2025-10-13 01:40:54Z - No se pudo interpretar la hora 'Day 2'. Se mantiene el valor original.
2025-10-13 01:40:54Z - Formato de hora inesperado 'Day 2'. No se convierte a UTC.
2025-10-13 01:41:30Z - No se pudo interpretar la hora 'Day 1'. Se mantiene el valor original.
2025-10-13 01:41:30Z - Formato de hora inesperado 'Day 1'. No se convierte a UTC.
2025-10-13 01:41:31Z - No se pudo interpretar la hora 'Day 2'. Se mantiene el valor original.
2025-10-13 01:41:31Z - Formato de hora inesperado 'Day 2'. No se convierte a UTC.
2025-10-13 01:41:32Z - No se pudo interpretar la hora 'Day 3'. Se mantiene el valor original.
2025-10-13 01:41:32Z - Formato de hora inesperado 'Day 3'. No se convierte a UTC.
2025-10-13 01:41:33Z - No se pudo interpretar la hora 'Day 4'. Se mantiene el valor original.
2025-10-13 01:41:33Z - Formato de hora inesperado 'Day 4'. No se convierte a UTC.
2025-10-13 01:42:15Z - No se pudo interpretar la hora 'Day 1'. Se mantiene el valor original.
2025-10-13 01:42:15Z - Formato de hora inesperado 'Day 1'. No se convierte a UTC.
2025-10-13 01:42:16Z - No se pudo interpretar la hora 'Day 2'. Se mantiene el valor original.
2025-10-13 01:42:16Z - Formato de hora inesperado 'Day 2'. No se convierte a UTC.
2025-10-13 01:42:43Z - No se pudo interpretar la hora 'Day 1'. Se mantiene el valor original.
2025-10-13 01:42:43Z - Formato de hora inesperado 'Day 1'. No se convierte a UTC.
2025-10-13 01:42:46Z - No se pudo interpretar la hora 'Day 2'. Se mantiene el valor original.
2025-10-13 01:42:46Z - Formato de hora inesperado 'Day 2'. No se convierte a UTC.
2025-10-13 01:43:03Z - No se pudo interpretar la hora 'Day 1'. Se mantiene el valor original.
2025-10-13 01:43:03Z - Formato de hora inesperado 'Day 1'. No se convierte a UTC.
2025-10-13 01:43:06Z - No se pudo interpretar la hora 'Day 2'. Se mantiene el valor original.
2025-10-13 01:43:06Z - Formato de hora inesperado 'Day 2'. No se convierte a UTC.
2025-10-13 01:43:17Z - No se pudo interpretar la hora 'Day 1'. Se mantiene el valor original.
2025-10-13 01:43:17Z - Formato de hora inesperado 'Day 1'. No se convierte a UTC.
2025-10-13 01:43:18Z - No se pudo interpretar la hora 'Day 2'. Se mantiene el valor original.
2025-10-13 01:43:18Z - Formato de hora inesperado 'Day 2'. No se convierte a UTC.
2025-10-13 01:43:18Z - No se pudo interpretar la hora 'Day 1'. Se mantiene el valor original.
2025-10-13 01:43:18Z - Formato de hora inesperado 'Day 1'. No se convierte a UTC.
2025-10-13 01:43:19Z - No se pudo interpretar la hora 'Day 2'. Se mantiene el valor original.
2025-10-13 01:43:19Z - Formato de hora inesperado 'Day 2'. No se convierte a UTC.
2025-10-13 01:43:20Z - No se pudo interpretar la hora 'Day 3'. Se mantiene el valor original.
2025-10-13 01:43:20Z - Formato de hora inesperado 'Day 3'. No se convierte a UTC.
2025-10-13 01:43:22Z - No se pudo interpretar la hora 'Jan Data'. Se mantiene el valor original.
2025-10-13 01:43:22Z - Formato de hora inesperado 'Jan Data'. No se convierte a UTC.
2025-10-13 01:44:08Z - No se pudo interpretar la hora 'Day 1'. Se mantiene el valor original.
2025-10-13 01:44:08Z - Formato de hora inesperado 'Day 1'. No se convierte a UTC.
2025-10-13 01:44:09Z - No se pudo interpretar la hora 'Day 2'. Se mantiene el valor original.
2025-10-13 01:44:09Z - Formato de hora inesperado 'Day 2'. No se convierte a UTC.
2025-10-13 01:44:10Z - No se pudo interpretar la hora 'Day 3'. Se mantiene el valor original.
2025-10-13 01:44:10Z - Formato de hora inesperado 'Day 3'. No se convierte a UTC.
2025-10-13 01:44:11Z - No se pudo interpretar la hora 'Day 4'. Se mantiene el valor original.
2025-10-13 01:44:11Z - Formato de hora inesperado 'Day 4'. No se convierte a UTC.
2025-10-13 01:44:23Z - No se pudo interpretar la hora 'Day 1'. Se mantiene el valor original.
2025-10-13 01:44:23Z - Formato de hora inesperado 'Day 1'. No se convierte a UTC.
2025-10-13 01:44:24Z - No se pudo interpretar la hora 'Day 2'. Se mantiene el valor original.
2025-10-13 01:44:24Z - Formato de hora inesperado 'Day 2'. No se convierte a UTC.
2025-10-13 01:44:47Z - No se pudo interpretar la hora 'Day 1'. Se mantiene el valor original.
2025-10-13 01:44:47Z - Formato de hora inesperado 'Day 1'. No se convierte a UTC.
2025-10-13 01:44:49Z - No se pudo interpretar la hora 'Day 2'. Se mantiene el valor original.
2025-10-13 01:44:49Z - Formato de hora inesperado 'Day 2'. No se convierte a UTC.
2025-10-13 01:45:11Z - No se pudo interpretar la hora 'Day 1'. Se mantiene el valor original.
2025-10-13 01:45:11Z - Formato de hora inesperado 'Day 1'. No se convierte a UTC.
2025-10-13 01:45:12Z - No se pudo interpretar la hora 'Day 2'. Se mantiene el valor original.
2025-10-13 01:45:12Z - Formato de hora inesperado 'Day 2'. No se convierte a UTC.
2025-10-13 01:45:13Z - No se pudo interpretar la hora 'Day 3'. Se mantiene el valor original.
2025-10-13 01:45:13Z - Formato de hora inesperado 'Day 3'. No se convierte a UTC.
2025-10-13 01:45:14Z - No se pudo interpretar la hora 'Day 4'. Se mantiene el valor original.
2025-10-13 01:45:14Z - Formato de hora inesperado 'Day 4'. No se convierte a UTC.
2025-10-13 01:45:50Z - No se pudo interpretar la hora 'Day 1'. Se mantiene el valor original.
2025-10-13 01:45:50Z - Formato de hora inesperado 'Day 1'. No se convierte a UTC.
2025-10-13 01:45:51Z - No se pudo interpretar la hora 'Day 2'. Se mantiene el valor original.
2025-10-13 01:45:51Z - Formato de hora inesperado 'Day 2'. No se convierte a UTC.
2025-10-13 01:45:52Z - No se pudo interpretar la hora 'Day 3'. Se mantiene el valor original.
2025-10-13 01:45:52Z - Formato de hora inesperado 'Day 3'. No se convierte a UTC.
2025-10-13 01:46:22Z - No se pudo interpretar la hora 'Jun Data'. Se mantiene el valor original.
2025-10-13 01:46:22Z - Formato de hora inesperado 'Jun Data'. No se convierte a UTC.
2025-10-13 01:46:29Z - No se pudo interpretar la hora 'Day 1'. Se mantiene el valor original.
2025-10-13 01:46:29Z - Formato de hora inesperado 'Day 1'. No se convierte a UTC.
2025-10-13 01:46:30Z - No se pudo interpretar la hora 'Day 2'. Se mantiene el valor original.
2025-10-13 01:46:30Z - Formato de hora inesperado 'Day 2'. No se convierte a UTC.
2025-10-13 01:46:44Z - No se pudo interpretar la hora 'Jul Data'. Se mantiene el valor original.
2025-10-13 01:46:44Z - Formato de hora inesperado 'Jul Data'. No se convierte a UTC.
2025-10-13 01:46:54Z - No se pudo interpretar la hora 'Day 1'. Se mantiene el valor original.
2025-10-13 01:46:54Z - Formato de hora inesperado 'Day 1'. No se convierte a UTC.
2025-10-13 01:46:55Z - No se pudo interpretar la hora 'Day 1'. Se mantiene el valor original.
2025-10-13 01:46:55Z - Formato de hora inesperado 'Day 1'. No se convierte a UTC.
2025-10-13 01:46:55Z - No se pudo interpretar la hora 'Day 2'. Se mantiene el valor original.
2025-10-13 01:46:55Z - Formato de hora inesperado 'Day 2'. No se convierte a UTC.
2025-10-13 01:46:56Z - No se pudo interpretar la hora 'Day 2'. Se mantiene el valor original.
2025-10-13 01:46:56Z - Formato de hora inesperado 'Day 2'. No se convierte a UTC.
2025-10-13 01:46:57Z - No se pudo interpretar la hora 'Day 3'. Se mantiene el valor original.
2025-10-13 01:46:57Z - Formato de hora inesperado 'Day 3'. No se convierte a UTC.
2025-10-13 01:47:14Z - No se pudo interpretar la hora 'Day 1'. Se mantiene el valor original.
2025-10-13 01:47:14Z - Formato de hora inesperado 'Day 1'. No se convierte a UTC.
2025-10-13 01:47:15Z - No se pudo interpretar la hora 'Day 2'. Se mantiene el valor original.
2025-10-13 01:47:15Z - Formato de hora inesperado 'Day 2'. No se convierte a UTC.
2025-10-13 01:47:46Z - No se pudo interpretar la hora 'Day 1'. Se mantiene el valor original.
2025-10-13 01:47:46Z - Formato de hora inesperado 'Day 1'. No se convierte a UTC.
2025-10-13 01:47:46Z - No se pudo interpretar la hora 'Day 2'. Se mantiene el valor original.
2025-10-13 01:47:46Z - Formato de hora inesperado 'Day 2'. No se convierte a UTC.
2025-10-13 01:48:38Z - No se pudo interpretar la hora 'Day 1'. Se mantiene el valor original.
2025-10-13 01:48:38Z - Formato de hora inesperado 'Day 1'. No se convierte a UTC.
2025-10-13 01:48:40Z - No se pudo interpretar la hora 'Day 2'. Se mantiene el valor original.
2025-10-13 01:48:40Z - Formato de hora inesperado 'Day 2'. No se convierte a UTC.
2025-10-13 01:49:09Z - No se pudo interpretar la hora 'Day 1'. Se mantiene el valor original.
2025-10-13 01:49:09Z - Formato de hora inesperado 'Day 1'. No se convierte a UTC.
2025-10-13 01:49:10Z - No se pudo interpretar la hora 'Day 2'. Se mantiene el valor original.
2025-10-13 01:49:10Z - Formato de hora inesperado 'Day 2'. No se convierte a UTC.
2025-10-13 01:49:11Z - No se pudo interpretar la hora 'Day 3'. Se mantiene el valor original.
2025-10-13 01:49:11Z - Formato de hora inesperado 'Day 3'. No se convierte a UTC.
2025-10-13 01:49:13Z - No se pudo interpretar la hora 'Day 4'. Se mantiene el valor original.
2025-10-13 01:49:13Z - Formato de hora inesperado 'Day 4'. No se convierte a UTC.
2025-10-13 01:49:38Z - No se pudo interpretar la hora 'Day 1'. Se mantiene el valor original.
2025-10-13 01:49:38Z - Formato de hora inesperado 'Day 1'. No se convierte a UTC.
2025-10-13 01:49:40Z - No se pudo interpretar la hora 'Day 2'. Se mantiene el valor original.
2025-10-13 01:49:40Z - Formato de hora inesperado 'Day 2'. No se convierte a UTC.
2025-10-13 01:50:30Z - No se pudo interpretar la hora 'Day 1'. Se mantiene el valor original.
2025-10-13 01:50:30Z - Formato de hora inesperado 'Day 1'. No se convierte a UTC.
2025-10-13 01:50:32Z - No se pudo interpretar la hora 'Day 2'. Se mantiene el valor original.
2025-10-13 01:50:32Z - Formato de hora inesperado 'Day 2'. No se convierte a UTC.
2025-10-13 01:51:00Z - No se pudo interpretar la hora 'Jan Data'. Se mantiene el valor original.
2025-10-13 01:51:00Z - Formato de hora inesperado 'Jan Data'. No se convierte a UTC.
2025-10-13 01:51:02Z - No se pudo interpretar la hora 'Day 1'. Se mantiene el valor original.
2025-10-13 01:51:02Z - Formato de hora inesperado 'Day 1'. No se convierte a UTC.
2025-10-13 01:51:02Z - No se pudo interpretar la hora 'Day 2'. Se mantiene el valor original.
2025-10-13 01:51:02Z - Formato de hora inesperado 'Day 2'. No se convierte a UTC.
2025-10-13 01:51:02Z - No se pudo interpretar la hora 'Day 1'. Se mantiene el valor original.
2025-10-13 01:51:02Z - Formato de hora inesperado 'Day 1'. No se convierte a UTC.
2025-10-13 01:51:04Z - No se pudo interpretar la hora 'Day 2'. Se mantiene el valor original.
2025-10-13 01:51:04Z - Formato de hora inesperado 'Day 2'. No se convierte a UTC.
2025-10-13 01:51:04Z - No se pudo interpretar la hora 'Day 3'. Se mantiene el valor original.
2025-10-13 01:51:04Z - Formato de hora inesperado 'Day 3'. No se convierte a UTC.
2025-10-13 01:51:51Z - No se pudo interpretar la hora 'Day 1'. Se mantiene el valor original.
2025-10-13 01:51:51Z - Formato de hora inesperado 'Day 1'. No se convierte a UTC.
2025-10-13 01:51:52Z - No se pudo interpretar la hora 'Day 2'. Se mantiene el valor original.
2025-10-13 01:51:52Z - Formato de hora inesperado 'Day 2'. No se convierte a UTC.
2025-10-13 01:51:53Z - No se pudo interpretar la hora 'Day 3'. Se mantiene el valor original.
2025-10-13 01:51:53Z - Formato de hora inesperado 'Day 3'. No se convierte a UTC.
2025-10-13 01:52:02Z - No se pudo interpretar la hora 'Day 1'. Se mantiene el valor original.
2025-10-13 01:52:02Z - Formato de hora inesperado 'Day 1'. No se convierte a UTC.
2025-10-13 01:52:03Z - No se pudo interpretar la hora 'Day 2'. Se mantiene el valor original.
2025-10-13 01:52:03Z - Formato de hora inesperado 'Day 2'. No se convierte a UTC.
2025-10-13 01:52:24Z - No se pudo interpretar la hora 'Day 1'. Se mantiene el valor original.
2025-10-13 01:52:24Z - Formato de hora inesperado 'Day 1'. No se convierte a UTC.
2025-10-13 01:52:27Z - No se pudo interpretar la hora 'Day 2'. Se mantiene el valor original.
2025-10-13 01:52:27Z - Formato de hora inesperado 'Day 2'. No se convierte a UTC.
2025-10-13 01:52:40Z - No se pudo interpretar la hora 'Day 1'. Se mantiene el valor original.
2025-10-13 01:52:40Z - Formato de hora inesperado 'Day 1'. No se convierte a UTC.
2025-10-13 01:52:41Z - No se pudo interpretar la hora 'Day 2'. Se mantiene el valor original.
2025-10-13 01:52:41Z - Formato de hora inesperado 'Day 2'. No se convierte a UTC.
2025-10-13 01:52:43Z - No se pudo interpretar la hora 'Day 1'. Se mantiene el valor original.
2025-10-13 01:52:43Z - Formato de hora inesperado 'Day 1'. No se convierte a UTC.
2025-10-13 01:52:44Z - No se pudo interpretar la hora 'Day 2'. Se mantiene el valor original.
2025-10-13 01:52:44Z - Formato de hora inesperado 'Day 2'. No se convierte a UTC.
2025-10-13 01:53:42Z - No se pudo interpretar la hora 'Day 1'. Se mantiene el valor original.
2025-10-13 01:53:42Z - Formato de hora inesperado 'Day 1'. No se convierte a UTC.
2025-10-13 01:53:43Z - No se pudo interpretar la hora 'Day 2'. Se mantiene el valor original.
2025-10-13 01:53:43Z - Formato de hora inesperado 'Day 2'. No se convierte a UTC.
2025-10-13 01:53:44Z - No se pudo interpretar la hora 'Day 3'. Se mantiene el valor original.
2025-10-13 01:53:44Z - Formato de hora inesperado 'Day 3'. No se convierte a UTC.
2025-10-13 01:53:52Z - No se pudo interpretar la hora 'Day 1'. Se mantiene el valor original.
2025-10-13 01:53:52Z - Formato de hora inesperado 'Day 1'. No se convierte a UTC.
2025-10-13 01:53:52Z - No se pudo interpretar la hora 'Day 2'. Se mantiene el valor original.
2025-10-13 01:53:52Z - Formato de hora inesperado 'Day 2'. No se convierte a UTC.
2025-10-13 01:53:59Z - No se pudo interpretar la hora 'Day 1'. Se mantiene el valor original.
2025-10-13 01:53:59Z - Formato de hora inesperado 'Day 1'. No se convierte a UTC.
2025-10-13 01:54:00Z - No se pudo interpretar la hora 'Day 2'. Se mantiene el valor original.
2025-10-13 01:54:00Z - Formato de hora inesperado 'Day 2'. No se convierte a UTC.
2025-10-13 01:54:17Z - No se pudo interpretar la hora 'Jul Data'. Se mantiene el valor original.
2025-10-13 01:54:17Z - Formato de hora inesperado 'Jul Data'. No se convierte a UTC.
2025-10-13 01:54:32Z - No se pudo interpretar la hora 'Day 1'. Se mantiene el valor original.
2025-10-13 01:54:32Z - Formato de hora inesperado 'Day 1'. No se convierte a UTC.
2025-10-13 01:54:33Z - No se pudo interpretar la hora 'Day 2'. Se mantiene el valor original.
2025-10-13 01:54:33Z - Formato de hora inesperado 'Day 2'. No se convierte a UTC.
2025-10-13 01:54:37Z - No se pudo interpretar la hora 'Day 1'. Se mantiene el valor original.
2025-10-13 01:54:37Z - Formato de hora inesperado 'Day 1'. No se convierte a UTC.
2025-10-13 01:54:37Z - No se pudo interpretar la hora 'Day 2'. Se mantiene el valor original.
2025-10-13 01:54:37Z - Formato de hora inesperado 'Day 2'. No se convierte a UTC.
2025-10-13 01:54:39Z - No se pudo interpretar la hora 'Day 3'. Se mantiene el valor original.
2025-10-13 01:54:39Z - Formato de hora inesperado 'Day 3'. No se convierte a UTC.
2025-10-13 01:55:14Z - No se pudo interpretar la hora 'Day 1'. Se mantiene el valor original.
2025-10-13 01:55:14Z - Formato de hora inesperado 'Day 1'. No se convierte a UTC.
2025-10-13 01:55:15Z - No se pudo interpretar la hora 'Day 2'. Se mantiene el valor original.
2025-10-13 01:55:15Z - Formato de hora inesperado 'Day 2'. No se convierte a UTC.
2025-10-13 01:56:46Z - No se pudo interpretar la hora 'Day 1'. Se mantiene el valor original.
2025-10-13 01:56:46Z - Formato de hora inesperado 'Day 1'. No se convierte a UTC.
2025-10-13 01:56:48Z - No se pudo interpretar la hora 'Day 2'. Se mantiene el valor original.
2025-10-13 01:56:48Z - Formato de hora inesperado 'Day 2'. No se convierte a UTC.
2025-10-13 01:56:49Z - No se pudo interpretar la hora 'Day 3'. Se mantiene el valor original.
2025-10-13 01:56:49Z - Formato de hora inesperado 'Day 3'. No se convierte a UTC.
2025-10-13 01:56:51Z - No se pudo interpretar la hora 'Day 4'. Se mantiene el valor original.
2025-10-13 01:56:51Z - Formato de hora inesperado 'Day 4'. No se convierte a UTC.
2025-10-13 01:57:32Z - No se pudo interpretar la hora 'Day 1'. Se mantiene el valor original.
2025-10-13 01:57:32Z - Formato de hora inesperado 'Day 1'. No se convierte a UTC.
2025-10-13 01:57:33Z - No se pudo interpretar la hora 'Day 2'. Se mantiene el valor original.
2025-10-13 01:57:33Z - Formato de hora inesperado 'Day 2'. No se convierte a UTC.
2025-10-13 01:58:36Z - No se pudo interpretar la hora 'Day 1'. Se mantiene el valor original.
2025-10-13 01:58:36Z - Formato de hora inesperado 'Day 1'. No se convierte a UTC.
2025-10-13 01:58:38Z - No se pudo interpretar la hora 'Day 2'. Se mantiene el valor original.
2025-10-13 01:58:38Z - Formato de hora inesperado 'Day 2'. No se convierte a UTC.
2025-10-13 01:58:38Z - No se pudo interpretar la hora 'Day 3'. Se mantiene el valor original.
2025-10-13 01:58:38Z - Formato de hora inesperado 'Day 3'. No se convierte a UTC.
2025-10-13 01:58:51Z - No se pudo interpretar la hora 'Day 1'. Se mantiene el valor original.
2025-10-13 01:58:51Z - Formato de hora inesperado 'Day 1'. No se convierte a UTC.
2025-10-13 01:58:52Z - No se pudo interpretar la hora 'Day 2'. Se mantiene el valor original.
2025-10-13 01:58:52Z - Formato de hora inesperado 'Day 2'. No se convierte a UTC.
2025-10-13 01:59:24Z - No se pudo interpretar la hora 'Day 1'. Se mantiene el valor original.
2025-10-13 01:59:24Z - Formato de hora inesperado 'Day 1'. No se convierte a UTC.
2025-10-13 01:59:25Z - No se pudo interpretar la hora 'Day 2'. Se mantiene el valor original.
2025-10-13 01:59:25Z - Formato de hora inesperado 'Day 2'. No se convierte a UTC.
2025-10-13 01:59:29Z - No se pudo interpretar la hora 'Dec Data'. Se mantiene el valor original.
2025-10-13 01:59:29Z - Formato de hora inesperado 'Dec Data'. No se convierte a UTC.
2025-10-13 01:59:29Z - No se pudo interpretar la hora 'Jan Data'. Se mantiene el valor original.
2025-10-13 01:59:29Z - Formato de hora inesperado 'Jan Data'. No se convierte a UTC.
2025-10-13 01:59:29Z - No se pudo interpretar la hora 'Feb Data'. Se mantiene el valor original.
2025-10-13 01:59:29Z - Formato de hora inesperado 'Feb Data'. No se convierte a UTC.
2025-10-13 01:59:29Z - No se pudo interpretar la hora 'Mar Data'. Se mantiene el valor original.
2025-10-13 01:59:29Z - Formato de hora inesperado 'Mar Data'. No se convierte a UTC.
2025-10-13 01:59:31Z - No se pudo interpretar la hora 'Day 1'. Se mantiene el valor original.
2025-10-13 01:59:31Z - Formato de hora inesperado 'Day 1'. No se convierte a UTC.
2025-10-13 01:59:33Z - No se pudo interpretar la hora 'Day 2'. Se mantiene el valor original.
2025-10-13 01:59:33Z - Formato de hora inesperado 'Day 2'. No se convierte a UTC.
2025-10-13 02:00:14Z - No se pudo interpretar la hora 'Day 1'. Se mantiene el valor original.
2025-10-13 02:00:14Z - Formato de hora inesperado 'Day 1'. No se convierte a UTC.
2025-10-13 02:00:15Z - No se pudo interpretar la hora 'Day 2'. Se mantiene el valor original.
2025-10-13 02:00:15Z - Formato de hora inesperado 'Day 2'. No se convierte a UTC.
2025-10-13 02:00:47Z - No se pudo interpretar la hora 'Day 1'. Se mantiene el valor original.
2025-10-13 02:00:47Z - Formato de hora inesperado 'Day 1'. No se convierte a UTC.
2025-10-13 02:00:48Z - No se pudo interpretar la hora 'Day 2'. Se mantiene el valor original.
2025-10-13 02:00:48Z - Formato de hora inesperado 'Day 2'. No se convierte a UTC.
2025-10-13 02:02:27Z - No se pudo interpretar la hora 'Day 1'. Se mantiene el valor original.
2025-10-13 02:02:27Z - Formato de hora inesperado 'Day 1'. No se convierte a UTC.
2025-10-13 02:02:28Z - No se pudo interpretar la hora 'Day 2'. Se mantiene el valor original.
2025-10-13 02:02:28Z - Formato de hora inesperado 'Day 2'. No se convierte a UTC.
2025-10-13 02:02:30Z - No se pudo interpretar la hora 'Day 3'. Se mantiene el valor original.
2025-10-13 02:02:30Z - Formato de hora inesperado 'Day 3'. No se convierte a UTC.
2025-10-13 02:02:34Z - No se pudo interpretar la hora 'Day 1'. Se mantiene el valor original.
2025-10-13 02:02:34Z - Formato de hora inesperado 'Day 1'. No se convierte a UTC.
2025-10-13 02:02:36Z - No se pudo interpretar la hora 'Day 2'. Se mantiene el valor original.
2025-10-13 02:02:36Z - Formato de hora inesperado 'Day 2'. No se convierte a UTC.
2025-10-13 02:02:40Z - No se pudo interpretar la hora 'Day 1'. Se mantiene el valor original.
2025-10-13 02:02:40Z - Formato de hora inesperado 'Day 1'. No se convierte a UTC.
2025-10-13 02:02:41Z - No se pudo interpretar la hora 'Day 2'. Se mantiene el valor original.
2025-10-13 02:02:41Z - Formato de hora inesperado 'Day 2'. No se convierte a UTC.
2025-10-13 02:04:22Z - No se pudo interpretar la hora 'Day 1'. Se mantiene el valor original.
2025-10-13 02:04:22Z - Formato de hora inesperado 'Day 1'. No se convierte a UTC.
2025-10-13 02:04:24Z - No se pudo interpretar la hora 'Day 2'. Se mantiene el valor original.
2025-10-13 02:04:24Z - Formato de hora inesperado 'Day 2'. No se convierte a UTC.
2025-10-13 02:04:25Z - No se pudo interpretar la hora 'Day 3'. Se mantiene el valor original.
2025-10-13 02:04:25Z - Formato de hora inesperado 'Day 3'. No se convierte a UTC.
2025-10-13 02:04:27Z - No se pudo interpretar la hora 'Day 4'. Se mantiene el valor original.
2025-10-13 02:04:27Z - Formato de hora inesperado 'Day 4'. No se convierte a UTC.
2025-10-13 02:05:28Z - No se pudo interpretar la hora 'Day 1'. Se mantiene el valor original.
2025-10-13 02:05:28Z - Formato de hora inesperado 'Day 1'. No se convierte a UTC.
2025-10-13 02:05:29Z - No se pudo interpretar la hora 'Day 2'. Se mantiene el valor original.
2025-10-13 02:05:29Z - Formato de hora inesperado 'Day 2'. No se convierte a UTC.
2025-10-13 02:05:36Z - No se pudo interpretar la hora 'Day 1'. Se mantiene el valor original.
2025-10-13 02:05:36Z - Formato de hora inesperado 'Day 1'. No se convierte a UTC.
2025-10-13 02:05:38Z - No se pudo interpretar la hora 'Day 2'. Se mantiene el valor original.
2025-10-13 02:05:38Z - Formato de hora inesperado 'Day 2'. No se convierte a UTC.
2025-10-13 02:06:22Z - No se pudo interpretar la hora 'Day 1'. Se mantiene el valor original.
2025-10-13 02:06:22Z - Formato de hora inesperado 'Day 1'. No se convierte a UTC.
2025-10-13 02:06:23Z - No se pudo interpretar la hora 'Day 2'. Se mantiene el valor original.
2025-10-13 02:06:23Z - Formato de hora inesperado 'Day 2'. No se convierte a UTC.
2025-10-13 02:06:24Z - No se pudo interpretar la hora 'Day 3'. Se mantiene el valor original.
2025-10-13 02:06:24Z - Formato de hora inesperado 'Day 3'. No se convierte a UTC.
2025-10-13 02:06:44Z - No se pudo interpretar la hora 'Day 1'. Se mantiene el valor original.
2025-10-13 02:06:44Z - Formato de hora inesperado 'Day 1'. No se convierte a UTC.
2025-10-13 02:06:45Z - No se pudo interpretar la hora 'Day 2'. Se mantiene el valor original.
2025-10-13 02:06:45Z - Formato de hora inesperado 'Day 2'. No se convierte a UTC.
2025-10-13 02:07:08Z - No se pudo interpretar la hora 'Day 1'. Se mantiene el valor original.
2025-10-13 02:07:08Z - Formato de hora inesperado 'Day 1'. No se convierte a UTC.
2025-10-13 02:07:10Z - No se pudo interpretar la hora 'Day 2'. Se mantiene el valor original.
2025-10-13 02:07:10Z - Formato de hora inesperado 'Day 2'. No se convierte a UTC.
2025-10-13 02:07:59Z - No se pudo interpretar la hora 'Day 1'. Se mantiene el valor original.
2025-10-13 02:07:59Z - Formato de hora inesperado 'Day 1'. No se convierte a UTC.
2025-10-13 02:08:00Z - No se pudo interpretar la hora 'Day 2'. Se mantiene el valor original.
2025-10-13 02:08:00Z - Formato de hora inesperado 'Day 2'. No se convierte a UTC.
2025-10-13 02:09:04Z - No se pudo interpretar la hora 'Day 1'. Se mantiene el valor original.
2025-10-13 02:09:04Z - Formato de hora inesperado 'Day 1'. No se convierte a UTC.
2025-10-13 02:09:06Z - No se pudo interpretar la hora 'Day 2'. Se mantiene el valor original.
2025-10-13 02:09:06Z - Formato de hora inesperado 'Day 2'. No se convierte a UTC.
2025-10-13 02:09:06Z - No se pudo interpretar la hora 'Day 3'. Se mantiene el valor original.
2025-10-13 02:09:06Z - Formato de hora inesperado 'Day 3'. No se convierte a UTC.
2025-10-13 02:09:22Z - No se pudo interpretar la hora 'Day 1'. Se mantiene el valor original.
2025-10-13 02:09:22Z - Formato de hora inesperado 'Day 1'. No se convierte a UTC.
2025-10-13 02:09:23Z - No se pudo interpretar la hora 'Day 2'. Se mantiene el valor original.
2025-10-13 02:09:23Z - Formato de hora inesperado 'Day 2'. No se convierte a UTC.
2025-10-13 02:09:24Z - No se pudo interpretar la hora 'Day 3'. Se mantiene el valor original.
2025-10-13 02:09:24Z - Formato de hora inesperado 'Day 3'. No se convierte a UTC.
2025-10-13 02:09:34Z - No se pudo interpretar la hora 'Jul Data'. Se mantiene el valor original.
2025-10-13 02:09:34Z - Formato de hora inesperado 'Jul Data'. No se convierte a UTC.
2025-10-13 02:09:37Z - No se pudo interpretar la hora 'Day 1'. Se mantiene el valor original.
2025-10-13 02:09:37Z - Formato de hora inesperado 'Day 1'. No se convierte a UTC.
2025-10-13 02:09:38Z - No se pudo interpretar la hora 'Day 2'. Se mantiene el valor original.
2025-10-13 02:09:38Z - Formato de hora inesperado 'Day 2'. No se convierte a UTC.
2025-10-13 02:10:12Z - No se pudo interpretar la hora 'Day 1'. Se mantiene el valor original.
2025-10-13 02:10:12Z - Formato de hora inesperado 'Day 1'. No se convierte a UTC.
2025-10-13 02:10:13Z - No se pudo interpretar la hora 'Day 2'. Se mantiene el valor original.
2025-10-13 02:10:13Z - Formato de hora inesperado 'Day 2'. No se convierte a UTC.
2025-10-13 02:10:15Z - No se pudo interpretar la hora 'Day 3'. Se mantiene el valor original.
2025-10-13 02:10:15Z - Formato de hora inesperado 'Day 3'. No se convierte a UTC.
2025-10-13 02:12:29Z - No se pudo interpretar la hora 'Day 1'. Se mantiene el valor original.
2025-10-13 02:12:29Z - Formato de hora inesperado 'Day 1'. No se convierte a UTC.
2025-10-13 02:12:31Z - No se pudo interpretar la hora 'Day 2'. Se mantiene el valor original.
2025-10-13 02:12:31Z - Formato de hora inesperado 'Day 2'. No se convierte a UTC.
2025-10-13 02:12:31Z - No se pudo interpretar la hora 'Day 3'. Se mantiene el valor original.
2025-10-13 02:12:31Z - Formato de hora inesperado 'Day 3'. No se convierte a UTC.
2025-10-13 02:12:33Z - No se pudo interpretar la hora 'Day 4'. Se mantiene el valor original.
2025-10-13 02:12:33Z - Formato de hora inesperado 'Day 4'. No se convierte a UTC.
2025-10-13 02:13:39Z - No se pudo interpretar la hora 'Day 1'. Se mantiene el valor original.
2025-10-13 02:13:39Z - Formato de hora inesperado 'Day 1'. No se convierte a UTC.
2025-10-13 02:13:46Z - No se pudo interpretar la hora 'Day 2'. Se mantiene el valor original.
2025-10-13 02:13:46Z - Formato de hora inesperado 'Day 2'. No se convierte a UTC.
2025-10-13 02:14:22Z - No se pudo interpretar la hora 'Day 1'. Se mantiene el valor original.
2025-10-13 02:14:22Z - Formato de hora inesperado 'Day 1'. No se convierte a UTC.
2025-10-13 02:14:23Z - No se pudo interpretar la hora 'Day 2'. Se mantiene el valor original.
2025-10-13 02:14:23Z - Formato de hora inesperado 'Day 2'. No se convierte a UTC.
2025-10-13 02:14:24Z - No se pudo interpretar la hora 'Day 3'. Se mantiene el valor original.
2025-10-13 02:14:24Z - Formato de hora inesperado 'Day 3'. No se convierte a UTC.
2025-10-13 02:15:14Z - No se pudo interpretar la hora 'Day 1'. Se mantiene el valor original.
2025-10-13 02:15:14Z - Formato de hora inesperado 'Day 1'. No se convierte a UTC.
2025-10-13 02:15:15Z - No se pudo interpretar la hora 'Day 2'. Se mantiene el valor original.
2025-10-13 02:15:15Z - Formato de hora inesperado 'Day 2'. No se convierte a UTC.
2025-10-13 02:15:16Z - No se pudo interpretar la hora 'Day 3'. Se mantiene el valor original.
2025-10-13 02:15:16Z - Formato de hora inesperado 'Day 3'. No se convierte a UTC.
2025-10-13 02:15:24Z - No se pudo interpretar la hora 'Day 1'. Se mantiene el valor original.
2025-10-13 02:15:24Z - Formato de hora inesperado 'Day 1'. No se convierte a UTC.
2025-10-13 02:15:24Z - No se pudo interpretar la hora 'Day 2'. Se mantiene el valor original.
2025-10-13 02:15:24Z - Formato de hora inesperado 'Day 2'. No se convierte a UTC.
2025-10-13 02:15:51Z - No se pudo interpretar la hora 'Day 1'. Se mantiene el valor original.
2025-10-13 02:15:51Z - Formato de hora inesperado 'Day 1'. No se convierte a UTC.
2025-10-13 02:15:52Z - No se pudo interpretar la hora 'Day 2'. Se mantiene el valor original.
2025-10-13 02:15:52Z - Formato de hora inesperado 'Day 2'. No se convierte a UTC.
2025-10-13 02:16:20Z - No se pudo interpretar la hora 'Day 1'. Se mantiene el valor original.
2025-10-13 02:16:20Z - Formato de hora inesperado 'Day 1'. No se convierte a UTC.
2025-10-13 02:16:21Z - No se pudo interpretar la hora 'Day 2'. Se mantiene el valor original.
2025-10-13 02:16:21Z - Formato de hora inesperado 'Day 2'. No se convierte a UTC.
2025-10-13 02:16:25Z - No se pudo interpretar la hora 'Day 1'. Se mantiene el valor original.
2025-10-13 02:16:25Z - Formato de hora inesperado 'Day 1'. No se convierte a UTC.
2025-10-13 02:16:25Z - No se pudo interpretar la hora 'Day 2'. Se mantiene el valor original.
2025-10-13 02:16:25Z - Formato de hora inesperado 'Day 2'. No se convierte a UTC.
2025-10-13 02:16:27Z - No se pudo interpretar la hora 'Day 3'. Se mantiene el valor original.
2025-10-13 02:16:27Z - Formato de hora inesperado 'Day 3'. No se convierte a UTC.
2025-10-13 02:17:00Z - No se pudo interpretar la hora 'Day 1'. Se mantiene el valor original.
2025-10-13 02:17:00Z - Formato de hora inesperado 'Day 1'. No se convierte a UTC.
2025-10-13 02:17:02Z - No se pudo interpretar la hora 'Day 2'. Se mantiene el valor original.
2025-10-13 02:17:02Z - Formato de hora inesperado 'Day 2'. No se convierte a UTC.
2025-10-13 02:17:03Z - No se pudo interpretar la hora 'Day 3'. Se mantiene el valor original.
2025-10-13 02:17:03Z - Formato de hora inesperado 'Day 3'. No se convierte a UTC.
2025-10-13 02:17:58Z - No se pudo interpretar la hora 'Day 1'. Se mantiene el valor original.
2025-10-13 02:17:58Z - Formato de hora inesperado 'Day 1'. No se convierte a UTC.
2025-10-13 02:18:00Z - No se pudo interpretar la hora 'Day 2'. Se mantiene el valor original.
2025-10-13 02:18:00Z - Formato de hora inesperado 'Day 2'. No se convierte a UTC.
2025-10-13 02:18:05Z - No se pudo interpretar la hora 'Day 1'. Se mantiene el valor original.
2025-10-13 02:18:05Z - Formato de hora inesperado 'Day 1'. No se convierte a UTC.
2025-10-13 02:18:08Z - No se pudo interpretar la hora 'Day 2'. Se mantiene el valor original.
2025-10-13 02:18:08Z - Formato de hora inesperado 'Day 2'. No se convierte a UTC.
2025-10-13 02:18:09Z - No se pudo interpretar la hora 'Day 3'. Se mantiene el valor original.
2025-10-13 02:18:09Z - Formato de hora inesperado 'Day 3'. No se convierte a UTC.
2025-10-13 02:18:14Z - No se pudo interpretar la hora 'Day 1'. Se mantiene el valor original.
2025-10-13 02:18:14Z - Formato de hora inesperado 'Day 1'. No se convierte a UTC.
2025-10-13 02:18:15Z - No se pudo interpretar la hora 'Day 2'. Se mantiene el valor original.
2025-10-13 02:18:15Z - Formato de hora inesperado 'Day 2'. No se convierte a UTC.
2025-10-13 02:19:08Z - No se pudo interpretar la hora 'Day 1'. Se mantiene el valor original.
2025-10-13 02:19:08Z - Formato de hora inesperado 'Day 1'. No se convierte a UTC.
2025-10-13 02:19:10Z - No se pudo interpretar la hora 'Day 2'. Se mantiene el valor original.
2025-10-13 02:19:10Z - Formato de hora inesperado 'Day 2'. No se convierte a UTC.
2025-10-13 02:20:07Z - No se pudo interpretar la hora 'Day 1'. Se mantiene el valor original.
2025-10-13 02:20:07Z - Formato de hora inesperado 'Day 1'. No se convierte a UTC.
2025-10-13 02:20:08Z - No se pudo interpretar la hora 'Day 2'. Se mantiene el valor original.
2025-10-13 02:20:08Z - Formato de hora inesperado 'Day 2'. No se convierte a UTC.
2025-10-13 02:20:14Z - No se pudo interpretar la hora 'Day 1'. Se mantiene el valor original.
2025-10-13 02:20:14Z - Formato de hora inesperado 'Day 1'. No se convierte a UTC.
2025-10-13 02:20:15Z - No se pudo interpretar la hora 'Day 2'. Se mantiene el valor original.
2025-10-13 02:20:15Z - Formato de hora inesperado 'Day 2'. No se convierte a UTC.
2025-10-13 02:20:16Z - No se pudo interpretar la hora 'Day 3'. Se mantiene el valor original.
2025-10-13 02:20:16Z - Formato de hora inesperado 'Day 3'. No se convierte a UTC.
2025-10-13 02:20:18Z - No se pudo interpretar la hora 'Day 4'. Se mantiene el valor original.
2025-10-13 02:20:18Z - Formato de hora inesperado 'Day 4'. No se convierte a UTC.
2025-10-13 02:20:53Z - No se pudo interpretar la hora 'Dec Data'. Se mantiene el valor original.
2025-10-13 02:20:53Z - Formato de hora inesperado 'Dec Data'. No se convierte a UTC.
2025-10-13 02:21:46Z - No se pudo interpretar la hora 'Day 1'. Se mantiene el valor original.
2025-10-13 02:21:46Z - Formato de hora inesperado 'Day 1'. No se convierte a UTC.
2025-10-13 02:21:46Z - No se pudo interpretar la hora 'Day 2'. Se mantiene el valor original.
2025-10-13 02:21:46Z - Formato de hora inesperado 'Day 2'. No se convierte a UTC.
2025-10-13 02:21:47Z - No se pudo interpretar la hora 'Day 3'. Se mantiene el valor original.
2025-10-13 02:21:47Z - Formato de hora inesperado 'Day 3'. No se convierte a UTC.
2025-10-13 02:22:10Z - No se pudo interpretar la hora 'Feb Data'. Se mantiene el valor original.
2025-10-13 02:22:10Z - Formato de hora inesperado 'Feb Data'. No se convierte a UTC.
2025-10-13 02:22:10Z - No se pudo interpretar la hora 'Feb Data'. Se mantiene el valor original.
2025-10-13 02:22:10Z - Formato de hora inesperado 'Feb Data'. No se convierte a UTC.
2025-10-13 02:22:38Z - No se pudo interpretar la hora 'Day 1'. Se mantiene el valor original.
2025-10-13 02:22:38Z - Formato de hora inesperado 'Day 1'. No se convierte a UTC.
2025-10-13 02:22:38Z - No se pudo interpretar la hora 'Day 2'. Se mantiene el valor original.
2025-10-13 02:22:38Z - Formato de hora inesperado 'Day 2'. No se convierte a UTC.
2025-10-13 02:22:40Z - No se pudo interpretar la hora 'Day 3'. Se mantiene el valor original.
2025-10-13 02:22:40Z - Formato de hora inesperado 'Day 3'. No se convierte a UTC.
2025-10-13 02:22:41Z - No se pudo interpretar la hora 'Day 4'. Se mantiene el valor original.
2025-10-13 02:22:41Z - Formato de hora inesperado 'Day 4'. No se convierte a UTC.
2025-10-13 02:23:20Z - No se pudo interpretar la hora 'Day 1'. Se mantiene el valor original.
2025-10-13 02:23:20Z - Formato de hora inesperado 'Day 1'. No se convierte a UTC.
2025-10-13 02:23:21Z - No se pudo interpretar la hora 'Day 2'. Se mantiene el valor original.
2025-10-13 02:23:21Z - Formato de hora inesperado 'Day 2'. No se convierte a UTC.
2025-10-13 02:23:41Z - No se pudo interpretar la hora 'Day 1'. Se mantiene el valor original.
2025-10-13 02:23:41Z - Formato de hora inesperado 'Day 1'. No se convierte a UTC.
2025-10-13 02:23:42Z - No se pudo interpretar la hora 'Day 2'. Se mantiene el valor original.
2025-10-13 02:23:42Z - Formato de hora inesperado 'Day 2'. No se convierte a UTC.
2025-10-13 02:24:26Z - No se pudo interpretar la hora 'Day 1'. Se mantiene el valor original.
2025-10-13 02:24:26Z - Formato de hora inesperado 'Day 1'. No se convierte a UTC.
2025-10-13 02:24:28Z - No se pudo interpretar la hora 'Day 2'. Se mantiene el valor original.
2025-10-13 02:24:28Z - Formato de hora inesperado 'Day 2'. No se convierte a UTC.
2025-10-13 02:24:30Z - No se pudo interpretar la hora 'Day 1'. Se mantiene el valor original.
2025-10-13 02:24:30Z - Formato de hora inesperado 'Day 1'. No se convierte a UTC.
2025-10-13 02:24:30Z - No se pudo interpretar la hora 'Day 3'. Se mantiene el valor original.
2025-10-13 02:24:30Z - Formato de hora inesperado 'Day 3'. No se convierte a UTC.
2025-10-13 02:24:30Z - No se pudo interpretar la hora 'Day 2'. Se mantiene el valor original.
2025-10-13 02:24:30Z - Formato de hora inesperado 'Day 2'. No se convierte a UTC.
2025-10-13 02:24:31Z - No se pudo interpretar la hora 'Day 3'. Se mantiene el valor original.
2025-10-13 02:24:31Z - Formato de hora inesperado 'Day 3'. No se convierte a UTC.
2025-10-13 02:25:35Z - No se pudo interpretar la hora 'Day 1'. Se mantiene el valor original.
2025-10-13 02:25:35Z - Formato de hora inesperado 'Day 1'. No se convierte a UTC.
2025-10-13 02:25:36Z - No se pudo interpretar la hora 'Day 2'. Se mantiene el valor original.
2025-10-13 02:25:36Z - Formato de hora inesperado 'Day 2'. No se convierte a UTC.
2025-10-13 02:25:36Z - No se pudo interpretar la hora 'Day 1'. Se mantiene el valor original.
2025-10-13 02:25:36Z - Formato de hora inesperado 'Day 1'. No se convierte a UTC.
2025-10-13 02:25:37Z - No se pudo interpretar la hora 'Day 2'. Se mantiene el valor original.
2025-10-13 02:25:37Z - Formato de hora inesperado 'Day 2'. No se convierte a UTC.
2025-10-13 02:25:39Z - No se pudo interpretar la hora 'Day 3'. Se mantiene el valor original.
2025-10-13 02:25:39Z - Formato de hora inesperado 'Day 3'. No se convierte a UTC.
2025-10-13 02:26:13Z - No se pudo interpretar la hora 'Day 1'. Se mantiene el valor original.
2025-10-13 02:26:13Z - Formato de hora inesperado 'Day 1'. No se convierte a UTC.
2025-10-13 02:26:14Z - No se pudo interpretar la hora 'Day 2'. Se mantiene el valor original.
2025-10-13 02:26:14Z - Formato de hora inesperado 'Day 2'. No se convierte a UTC.
2025-10-13 02:26:52Z - No se pudo interpretar la hora 'Oct Data'. Se mantiene el valor original.
2025-10-13 02:26:52Z - Formato de hora inesperado 'Oct Data'. No se convierte a UTC.
2025-10-13 02:27:32Z - No se pudo interpretar la hora 'Day 1'. Se mantiene el valor original.
2025-10-13 02:27:32Z - Formato de hora inesperado 'Day 1'. No se convierte a UTC.
2025-10-13 02:27:33Z - No se pudo interpretar la hora 'Day 2'. Se mantiene el valor original.
2025-10-13 02:27:33Z - Formato de hora inesperado 'Day 2'. No se convierte a UTC.
2025-10-13 02:27:35Z - No se pudo interpretar la hora 'Day 3'. Se mantiene el valor original.
2025-10-13 02:27:35Z - Formato de hora inesperado 'Day 3'. No se convierte a UTC.
2025-10-13 02:27:37Z - No se pudo interpretar la hora 'Day 4'. Se mantiene el valor original.
2025-10-13 02:27:37Z - Formato de hora inesperado 'Day 4'. No se convierte a UTC.
2025-10-13 02:28:02Z - No se pudo interpretar la hora 'Dec Data'. Se mantiene el valor original.
2025-10-13 02:28:02Z - Formato de hora inesperado 'Dec Data'. No se convierte a UTC.
2025-10-13 02:28:15Z - No se pudo interpretar la hora 'Day 1'. Se mantiene el valor original.
2025-10-13 02:28:15Z - Formato de hora inesperado 'Day 1'. No se convierte a UTC.
2025-10-13 02:28:16Z - No se pudo interpretar la hora 'Day 2'. Se mantiene el valor original.
2025-10-13 02:28:16Z - Formato de hora inesperado 'Day 2'. No se convierte a UTC.
2025-10-13 02:29:11Z - No se pudo interpretar la hora 'Day 1'. Se mantiene el valor original.
2025-10-13 02:29:11Z - Formato de hora inesperado 'Day 1'. No se convierte a UTC.
2025-10-13 02:29:17Z - No se pudo interpretar la hora 'Day 2'. Se mantiene el valor original.
2025-10-13 02:29:17Z - Formato de hora inesperado 'Day 2'. No se convierte a UTC.
2025-10-13 02:29:18Z - No se pudo interpretar la hora 'Day 3'. Se mantiene el valor original.
2025-10-13 02:29:18Z - Formato de hora inesperado 'Day 3'. No se convierte a UTC.
2025-10-13 02:29:21Z - No se pudo interpretar la hora 'Day 1'. Se mantiene el valor original.
2025-10-13 02:29:21Z - Formato de hora inesperado 'Day 1'. No se convierte a UTC.
2025-10-13 02:29:23Z - No se pudo interpretar la hora 'Day 2'. Se mantiene el valor original.
2025-10-13 02:29:23Z - Formato de hora inesperado 'Day 2'. No se convierte a UTC.
2025-10-13 02:29:24Z - No se pudo interpretar la hora 'Day 3'. Se mantiene el valor original.
2025-10-13 02:29:24Z - Formato de hora inesperado 'Day 3'. No se convierte a UTC.
2025-10-13 02:29:26Z - No se pudo interpretar la hora 'Day 4'. Se mantiene el valor original.
2025-10-13 02:29:26Z - Formato de hora inesperado 'Day 4'. No se convierte a UTC.
2025-10-13 02:29:56Z - No se pudo interpretar la hora 'Mar Data'. Se mantiene el valor original.
2025-10-13 02:29:56Z - Formato de hora inesperado 'Mar Data'. No se convierte a UTC.
2025-10-13 02:30:43Z - No se pudo interpretar la hora 'Apr Data'. Se mantiene el valor original.
2025-10-13 02:30:43Z - Formato de hora inesperado 'Apr Data'. No se convierte a UTC.
2025-10-13 02:31:18Z - No se pudo interpretar la hora 'Day 1'. Se mantiene el valor original.
2025-10-13 02:31:18Z - Formato de hora inesperado 'Day 1'. No se convierte a UTC.
2025-10-13 02:31:20Z - No se pudo interpretar la hora 'Day 2'. Se mantiene el valor original.
2025-10-13 02:31:20Z - Formato de hora inesperado 'Day 2'. No se convierte a UTC.
2025-10-13 02:31:21Z - No se pudo interpretar la hora 'Day 3'. Se mantiene el valor original.
2025-10-13 02:31:21Z - Formato de hora inesperado 'Day 3'. No se convierte a UTC.
2025-10-13 02:31:22Z - No se pudo interpretar la hora 'Day 4'. Se mantiene el valor original.
2025-10-13 02:31:22Z - Formato de hora inesperado 'Day 4'. No se convierte a UTC.
2025-10-13 02:32:03Z - No se pudo interpretar la hora 'Day 1'. Se mantiene el valor original.
2025-10-13 02:32:03Z - Formato de hora inesperado 'Day 1'. No se convierte a UTC.
2025-10-13 02:32:06Z - No se pudo interpretar la hora 'Day 2'. Se mantiene el valor original.
2025-10-13 02:32:06Z - Formato de hora inesperado 'Day 2'. No se convierte a UTC.
2025-10-13 02:33:05Z - No se pudo interpretar la hora 'Day 1'. Se mantiene el valor original.
2025-10-13 02:33:05Z - Formato de hora inesperado 'Day 1'. No se convierte a UTC.
2025-10-13 02:33:08Z - No se pudo interpretar la hora 'Day 2'. Se mantiene el valor original.
2025-10-13 02:33:08Z - Formato de hora inesperado 'Day 2'. No se convierte a UTC.
2025-10-13 02:33:08Z - No se pudo interpretar la hora 'Day 3'. Se mantiene el valor original.
2025-10-13 02:33:08Z - Formato de hora inesperado 'Day 3'. No se convierte a UTC.
2025-10-13 02:33:55Z - No se pudo interpretar la hora 'Day 1'. Se mantiene el valor original.
2025-10-13 02:33:55Z - Formato de hora inesperado 'Day 1'. No se convierte a UTC.
2025-10-13 02:33:56Z - No se pudo interpretar la hora 'Day 2'. Se mantiene el valor original.
2025-10-13 02:33:56Z - Formato de hora inesperado 'Day 2'. No se convierte a UTC.
2025-10-13 02:34:20Z - No se pudo interpretar la hora 'Day 1'. Se mantiene el valor original.
2025-10-13 02:34:20Z - Formato de hora inesperado 'Day 1'. No se convierte a UTC.
2025-10-13 02:34:22Z - No se pudo interpretar la hora 'Day 2'. Se mantiene el valor original.
2025-10-13 02:34:22Z - Formato de hora inesperado 'Day 2'. No se convierte a UTC.
2025-10-13 02:36:21Z - No se pudo interpretar la hora 'Dec Data'. Se mantiene el valor original.
2025-10-13 02:36:21Z - Formato de hora inesperado 'Dec Data'. No se convierte a UTC.
2025-10-13 02:36:36Z - No se pudo interpretar la hora 'Day 1'. Se mantiene el valor original.
2025-10-13 02:36:36Z - Formato de hora inesperado 'Day 1'. No se convierte a UTC.
2025-10-13 02:36:38Z - No se pudo interpretar la hora 'Day 2'. Se mantiene el valor original.
2025-10-13 02:36:38Z - Formato de hora inesperado 'Day 2'. No se convierte a UTC.
2025-10-13 02:36:50Z - No se pudo interpretar la hora 'Day 1'. Se mantiene el valor original.
2025-10-13 02:36:50Z - Formato de hora inesperado 'Day 1'. No se convierte a UTC.
2025-10-13 02:36:52Z - No se pudo interpretar la hora 'Jan Data'. Se mantiene el valor original.
2025-10-13 02:36:52Z - Formato de hora inesperado 'Jan Data'. No se convierte a UTC.
2025-10-13 02:36:52Z - No se pudo interpretar la hora 'Day 2'. Se mantiene el valor original.
2025-10-13 02:36:52Z - Formato de hora inesperado 'Day 2'. No se convierte a UTC.
2025-10-13 02:36:54Z - No se pudo interpretar la hora 'Day 3'. Se mantiene el valor original.
2025-10-13 02:36:54Z - Formato de hora inesperado 'Day 3'. No se convierte a UTC.
2025-10-13 02:36:55Z - No se pudo interpretar la hora 'Day 4'. Se mantiene el valor original.
2025-10-13 02:36:55Z - Formato de hora inesperado 'Day 4'. No se convierte a UTC.
2025-10-13 02:36:56Z - No se pudo interpretar la hora 'Day 5'. Se mantiene el valor original.
2025-10-13 02:36:56Z - Formato de hora inesperado 'Day 5'. No se convierte a UTC.
2025-10-13 02:36:57Z - No se pudo interpretar la hora 'Day 6'. Se mantiene el valor original.
2025-10-13 02:36:57Z - Formato de hora inesperado 'Day 6'. No se convierte a UTC.
2025-10-13 02:36:57Z - No se pudo interpretar la hora 'Day 7'. Se mantiene el valor original.
2025-10-13 02:36:57Z - Formato de hora inesperado 'Day 7'. No se convierte a UTC.
2025-10-13 02:38:05Z - No se pudo interpretar la hora 'Day 1'. Se mantiene el valor original.
2025-10-13 02:38:05Z - Formato de hora inesperado 'Day 1'. No se convierte a UTC.
2025-10-13 02:38:07Z - No se pudo interpretar la hora 'Day 2'. Se mantiene el valor original.
2025-10-13 02:38:07Z - Formato de hora inesperado 'Day 2'. No se convierte a UTC.
2025-10-13 02:38:17Z - No se pudo interpretar la hora 'Day 1'. Se mantiene el valor original.
2025-10-13 02:38:17Z - Formato de hora inesperado 'Day 1'. No se convierte a UTC.
2025-10-13 02:38:18Z - No se pudo interpretar la hora 'Day 2'. Se mantiene el valor original.
2025-10-13 02:38:18Z - Formato de hora inesperado 'Day 2'. No se convierte a UTC.
2025-10-13 02:38:19Z - No se pudo interpretar la hora 'Day 3'. Se mantiene el valor original.
2025-10-13 02:38:19Z - Formato de hora inesperado 'Day 3'. No se convierte a UTC.
2025-10-13 02:38:37Z - No se pudo interpretar la hora 'Day 1'. Se mantiene el valor original.
2025-10-13 02:38:37Z - Formato de hora inesperado 'Day 1'. No se convierte a UTC.
2025-10-13 02:38:43Z - No se pudo interpretar la hora 'Day 2'. Se mantiene el valor original.
2025-10-13 02:38:43Z - Formato de hora inesperado 'Day 2'. No se convierte a UTC.
2025-10-13 02:38:53Z - No se pudo interpretar la hora 'Day 1'. Se mantiene el valor original.
2025-10-13 02:38:53Z - Formato de hora inesperado 'Day 1'. No se convierte a UTC.
2025-10-13 02:38:54Z - No se pudo interpretar la hora 'Day 2'. Se mantiene el valor original.
2025-10-13 02:38:54Z - Formato de hora inesperado 'Day 2'. No se convierte a UTC.
2025-10-13 02:39:56Z - No se pudo interpretar la hora 'Day 1'. Se mantiene el valor original.
2025-10-13 02:39:56Z - Formato de hora inesperado 'Day 1'. No se convierte a UTC.
2025-10-13 02:39:57Z - No se pudo interpretar la hora 'Day 2'. Se mantiene el valor original.
2025-10-13 02:39:57Z - Formato de hora inesperado 'Day 2'. No se convierte a UTC.
2025-10-13 02:39:58Z - No se pudo interpretar la hora 'Day 3'. Se mantiene el valor original.
2025-10-13 02:39:58Z - Formato de hora inesperado 'Day 3'. No se convierte a UTC.
2025-10-13 02:40:13Z - No se pudo interpretar la hora 'Day 1'. Se mantiene el valor original.
2025-10-13 02:40:13Z - Formato de hora inesperado 'Day 1'. No se convierte a UTC.
2025-10-13 02:40:15Z - No se pudo interpretar la hora 'Day 2'. Se mantiene el valor original.
2025-10-13 02:40:15Z - Formato de hora inesperado 'Day 2'. No se convierte a UTC.
2025-10-13 02:40:57Z - No se pudo interpretar la hora 'Day 1'. Se mantiene el valor original.
2025-10-13 02:40:57Z - Formato de hora inesperado 'Day 1'. No se convierte a UTC.
2025-10-13 02:40:58Z - No se pudo interpretar la hora 'Day 2'. Se mantiene el valor original.
2025-10-13 02:40:58Z - Formato de hora inesperado 'Day 2'. No se convierte a UTC.
2025-10-13 02:40:59Z - No se pudo interpretar la hora 'Day 3'. Se mantiene el valor original.
2025-10-13 02:40:59Z - Formato de hora inesperado 'Day 3'. No se convierte a UTC.
2025-10-13 02:41:20Z - No se pudo interpretar la hora 'Day 1'. Se mantiene el valor original.
2025-10-13 02:41:20Z - Formato de hora inesperado 'Day 1'. No se convierte a UTC.
2025-10-13 02:41:20Z - No se pudo interpretar la hora 'Day 2'. Se mantiene el valor original.
2025-10-13 02:41:20Z - Formato de hora inesperado 'Day 2'. No se convierte a UTC.
2025-10-13 02:42:50Z - No se pudo interpretar la hora 'Day 1'. Se mantiene el valor original.
2025-10-13 02:42:50Z - Formato de hora inesperado 'Day 1'. No se convierte a UTC.
2025-10-13 02:42:56Z - No se pudo interpretar la hora 'Day 2'. Se mantiene el valor original.
2025-10-13 02:42:56Z - Formato de hora inesperado 'Day 2'. No se convierte a UTC.
2025-10-13 02:42:57Z - No se pudo interpretar la hora 'Day 3'. Se mantiene el valor original.
2025-10-13 02:42:57Z - Formato de hora inesperado 'Day 3'. No se convierte a UTC.
2025-10-13 02:43:00Z - No se pudo interpretar la hora 'Day 4'. Se mantiene el valor original.
2025-10-13 02:43:00Z - Formato de hora inesperado 'Day 4'. No se convierte a UTC.
2025-10-13 02:43:01Z - No se pudo interpretar la hora 'Day 5'. Se mantiene el valor original.
2025-10-13 02:43:01Z - Formato de hora inesperado 'Day 5'. No se convierte a UTC.
2025-10-13 02:43:29Z - No se pudo interpretar la hora 'Day 1'. Se mantiene el valor original.
2025-10-13 02:43:29Z - Formato de hora inesperado 'Day 1'. No se convierte a UTC.
2025-10-13 02:43:31Z - No se pudo interpretar la hora 'Day 2'. Se mantiene el valor original.
2025-10-13 02:43:31Z - Formato de hora inesperado 'Day 2'. No se convierte a UTC.
2025-10-13 02:44:44Z - No se pudo interpretar la hora 'Day 1'. Se mantiene el valor original.
2025-10-13 02:44:44Z - Formato de hora inesperado 'Day 1'. No se convierte a UTC.
2025-10-13 02:44:45Z - No se pudo interpretar la hora 'Day 2'. Se mantiene el valor original.
2025-10-13 02:44:45Z - Formato de hora inesperado 'Day 2'. No se convierte a UTC.
2025-10-13 02:44:46Z - No se pudo interpretar la hora 'Day 3'. Se mantiene el valor original.
2025-10-13 02:44:46Z - Formato de hora inesperado 'Day 3'. No se convierte a UTC.
2025-10-13 02:44:47Z - No se pudo interpretar la hora 'Day 4'. Se mantiene el valor original.
2025-10-13 02:44:47Z - Formato de hora inesperado 'Day 4'. No se convierte a UTC.
2025-10-13 02:44:49Z - No se pudo interpretar la hora 'Day 5'. Se mantiene el valor original.
2025-10-13 02:44:49Z - Formato de hora inesperado 'Day 5'. No se convierte a UTC.
2025-10-13 02:44:50Z - No se pudo interpretar la hora 'Day 6'. Se mantiene el valor original.
2025-10-13 02:44:50Z - Formato de hora inesperado 'Day 6'. No se convierte a UTC.
2025-10-13 02:44:51Z - No se pudo interpretar la hora 'Day 7'. Se mantiene el valor original.
2025-10-13 02:44:51Z - Formato de hora inesperado 'Day 7'. No se convierte a UTC.
2025-10-13 02:45:25Z - No se pudo interpretar la hora 'Day 1'. Se mantiene el valor original.
2025-10-13 02:45:25Z - Formato de hora inesperado 'Day 1'. No se convierte a UTC.
2025-10-13 02:45:26Z - No se pudo interpretar la hora 'Day 2'. Se mantiene el valor original.
2025-10-13 02:45:26Z - Formato de hora inesperado 'Day 2'. No se convierte a UTC.
2025-10-13 02:45:27Z - No se pudo interpretar la hora 'Day 3'. Se mantiene el valor original.
2025-10-13 02:45:27Z - Formato de hora inesperado 'Day 3'. No se convierte a UTC.
2025-10-13 02:45:29Z - No se pudo interpretar la hora 'Day 1'. Se mantiene el valor original.
2025-10-13 02:45:29Z - Formato de hora inesperado 'Day 1'. No se convierte a UTC.
2025-10-13 02:45:29Z - No se pudo interpretar la hora 'Day 2'. Se mantiene el valor original.
2025-10-13 02:45:29Z - Formato de hora inesperado 'Day 2'. No se convierte a UTC.
2025-10-13 02:45:31Z - No se pudo interpretar la hora 'Day 3'. Se mantiene el valor original.
2025-10-13 02:45:31Z - Formato de hora inesperado 'Day 3'. No se convierte a UTC.
2025-10-13 02:45:32Z - No se pudo interpretar la hora 'Day 4'. Se mantiene el valor original.
2025-10-13 02:45:32Z - Formato de hora inesperado 'Day 4'. No se convierte a UTC.
2025-10-13 02:45:34Z - No se pudo interpretar la hora 'Day 5'. Se mantiene el valor original.
2025-10-13 02:45:34Z - Formato de hora inesperado 'Day 5'. No se convierte a UTC.
2025-10-13 02:46:17Z - No se pudo interpretar la hora 'Day 1'. Se mantiene el valor original.
2025-10-13 02:46:17Z - Formato de hora inesperado 'Day 1'. No se convierte a UTC.
2025-10-13 02:46:18Z - No se pudo interpretar la hora 'Day 2'. Se mantiene el valor original.
2025-10-13 02:46:18Z - Formato de hora inesperado 'Day 2'. No se convierte a UTC.
2025-10-13 02:46:19Z - No se pudo interpretar la hora 'Day 3'. Se mantiene el valor original.
2025-10-13 02:46:19Z - Formato de hora inesperado 'Day 3'. No se convierte a UTC.
2025-10-13 02:46:20Z - No se pudo interpretar la hora '17th June'. Se mantiene el valor original.
2025-10-13 02:46:20Z - Formato de hora inesperado '17th June'. No se convierte a UTC.
2025-10-13 02:46:20Z - No se pudo interpretar la hora '24th June'. Se mantiene el valor original.
2025-10-13 02:46:20Z - Formato de hora inesperado '24th June'. No se convierte a UTC.
2025-10-13 02:47:30Z - No se pudo interpretar la hora 'Day 1'. Se mantiene el valor original.
2025-10-13 02:47:30Z - Formato de hora inesperado 'Day 1'. No se convierte a UTC.
2025-10-13 02:47:32Z - No se pudo interpretar la hora 'Day 2'. Se mantiene el valor original.
2025-10-13 02:47:32Z - Formato de hora inesperado 'Day 2'. No se convierte a UTC.
2025-10-13 02:47:33Z - No se pudo interpretar la hora 'Day 3'. Se mantiene el valor original.
2025-10-13 02:47:33Z - Formato de hora inesperado 'Day 3'. No se convierte a UTC.
2025-10-13 02:48:35Z - No se pudo interpretar la hora 'Day 1'. Se mantiene el valor original.
2025-10-13 02:48:35Z - Formato de hora inesperado 'Day 1'. No se convierte a UTC.
2025-10-13 02:48:36Z - No se pudo interpretar la hora 'Day 2'. Se mantiene el valor original.
2025-10-13 02:48:36Z - Formato de hora inesperado 'Day 2'. No se convierte a UTC.
2025-10-13 02:48:38Z - No se pudo interpretar la hora 'Day 3'. Se mantiene el valor original.
2025-10-13 02:48:38Z - Formato de hora inesperado 'Day 3'. No se convierte a UTC.
2025-10-13 02:48:38Z - No se pudo interpretar la hora 'Day 1'. Se mantiene el valor original.
2025-10-13 02:48:38Z - Formato de hora inesperado 'Day 1'. No se convierte a UTC.
2025-10-13 02:48:38Z - No se pudo interpretar la hora 'Day 4'. Se mantiene el valor original.
2025-10-13 02:48:38Z - Formato de hora inesperado 'Day 4'. No se convierte a UTC.
2025-10-13 02:48:38Z - No se pudo interpretar la hora 'Day 2'. Se mantiene el valor original.
2025-10-13 02:48:38Z - Formato de hora inesperado 'Day 2'. No se convierte a UTC.
2025-10-13 02:48:40Z - No se pudo interpretar la hora 'Day 5'. Se mantiene el valor original.
2025-10-13 02:48:40Z - Formato de hora inesperado 'Day 5'. No se convierte a UTC.
2025-10-13 02:48:40Z - No se pudo interpretar la hora 'Day 6'. Se mantiene el valor original.
2025-10-13 02:48:40Z - Formato de hora inesperado 'Day 6'. No se convierte a UTC.
2025-10-13 02:48:42Z - No se pudo interpretar la hora 'Day 7'. Se mantiene el valor original.
2025-10-13 02:48:42Z - Formato de hora inesperado 'Day 7'. No se convierte a UTC.
2025-10-13 02:49:19Z - No se pudo interpretar la hora 'Day 1'. Se mantiene el valor original.
2025-10-13 02:49:19Z - Formato de hora inesperado 'Day 1'. No se convierte a UTC.
2025-10-13 02:49:21Z - No se pudo interpretar la hora 'Day 2'. Se mantiene el valor original.
2025-10-13 02:49:21Z - Formato de hora inesperado 'Day 2'. No se convierte a UTC.
2025-10-13 02:50:37Z - No se pudo interpretar la hora 'Day 1'. Se mantiene el valor original.
2025-10-13 02:50:37Z - Formato de hora inesperado 'Day 1'. No se convierte a UTC.
2025-10-13 02:50:38Z - No se pudo interpretar la hora 'Day 2'. Se mantiene el valor original.
2025-10-13 02:50:38Z - Formato de hora inesperado 'Day 2'. No se convierte a UTC.
2025-10-13 02:50:40Z - No se pudo interpretar la hora 'Day 3'. Se mantiene el valor original.
2025-10-13 02:50:40Z - Formato de hora inesperado 'Day 3'. No se convierte a UTC.
2025-10-13 02:50:42Z - No se pudo interpretar la hora 'Day 4'. Se mantiene el valor original.
2025-10-13 02:50:42Z - Formato de hora inesperado 'Day 4'. No se convierte a UTC.
2025-10-13 02:50:43Z - No se pudo interpretar la hora 'Day 5'. Se mantiene el valor original.
2025-10-13 02:50:43Z - Formato de hora inesperado 'Day 5'. No se convierte a UTC.
2025-10-13 02:50:47Z - No se pudo interpretar la hora 'Nov Data'. Se mantiene el valor original.
2025-10-13 02:50:47Z - Formato de hora inesperado 'Nov Data'. No se convierte a UTC.
2025-10-13 02:50:47Z - No se pudo interpretar la hora 'Nov Data'. Se mantiene el valor original.
2025-10-13 02:50:47Z - Formato de hora inesperado 'Nov Data'. No se convierte a UTC.
2025-10-13 02:51:32Z - No se pudo interpretar la hora 'Day 1'. Se mantiene el valor original.
2025-10-13 02:51:32Z - Formato de hora inesperado 'Day 1'. No se convierte a UTC.
2025-10-13 02:51:33Z - No se pudo interpretar la hora 'Day 2'. Se mantiene el valor original.
2025-10-13 02:51:33Z - Formato de hora inesperado 'Day 2'. No se convierte a UTC.
2025-10-13 02:51:35Z - No se pudo interpretar la hora 'Day 3'. Se mantiene el valor original.
2025-10-13 02:51:35Z - Formato de hora inesperado 'Day 3'. No se convierte a UTC.
2025-10-13 02:51:37Z - No se pudo interpretar la hora 'Day 4'. Se mantiene el valor original.
2025-10-13 02:51:37Z - Formato de hora inesperado 'Day 4'. No se convierte a UTC.
2025-10-13 02:52:30Z - No se pudo interpretar la hora 'Day 1'. Se mantiene el valor original.
2025-10-13 02:52:30Z - Formato de hora inesperado 'Day 1'. No se convierte a UTC.
2025-10-13 02:52:32Z - No se pudo interpretar la hora 'Day 2'. Se mantiene el valor original.
2025-10-13 02:52:32Z - Formato de hora inesperado 'Day 2'. No se convierte a UTC.
2025-10-13 02:52:33Z - No se pudo interpretar la hora 'Day 3'. Se mantiene el valor original.
2025-10-13 02:52:33Z - Formato de hora inesperado 'Day 3'. No se convierte a UTC.
2025-10-13 02:52:33Z - No se pudo interpretar la hora 'Day 1'. Se mantiene el valor original.
2025-10-13 02:52:33Z - Formato de hora inesperado 'Day 1'. No se convierte a UTC.
2025-10-13 02:52:40Z - No se pudo interpretar la hora 'Day 4'. Se mantiene el valor original.
2025-10-13 02:52:40Z - Formato de hora inesperado 'Day 4'. No se convierte a UTC.
2025-10-13 02:52:40Z - No se pudo interpretar la hora 'Day 2'. Se mantiene el valor original.
2025-10-13 02:52:40Z - Formato de hora inesperado 'Day 2'. No se convierte a UTC.
2025-10-13 02:52:41Z - No se pudo interpretar la hora 'Day 5'. Se mantiene el valor original.
2025-10-13 02:52:41Z - Formato de hora inesperado 'Day 5'. No se convierte a UTC.
2025-10-13 02:52:41Z - No se pudo interpretar la hora 'Day 6'. Se mantiene el valor original.
2025-10-13 02:52:41Z - Formato de hora inesperado 'Day 6'. No se convierte a UTC.
2025-10-13 02:52:43Z - No se pudo interpretar la hora 'Day 7'. Se mantiene el valor original.
2025-10-13 02:52:43Z - Formato de hora inesperado 'Day 7'. No se convierte a UTC.
2025-10-13 02:52:57Z - No se pudo interpretar la hora 'Day 1'. Se mantiene el valor original.
2025-10-13 02:52:57Z - Formato de hora inesperado 'Day 1'. No se convierte a UTC.
2025-10-13 02:52:59Z - No se pudo interpretar la hora 'Day 2'. Se mantiene el valor original.
2025-10-13 02:52:59Z - Formato de hora inesperado 'Day 2'. No se convierte a UTC.
2025-10-13 02:53:25Z - No se pudo interpretar la hora 'Day 1'. Se mantiene el valor original.
2025-10-13 02:53:25Z - Formato de hora inesperado 'Day 1'. No se convierte a UTC.
2025-10-13 02:53:25Z - No se pudo interpretar la hora 'Day 2'. Se mantiene el valor original.
2025-10-13 02:53:25Z - Formato de hora inesperado 'Day 2'. No se convierte a UTC.
2025-10-13 02:53:27Z - No se pudo interpretar la hora 'Day 3'. Se mantiene el valor original.
2025-10-13 02:53:27Z - Formato de hora inesperado 'Day 3'. No se convierte a UTC.
2025-10-13 02:54:20Z - No se pudo interpretar la hora 'Day 1'. Se mantiene el valor original.
2025-10-13 02:54:20Z - Formato de hora inesperado 'Day 1'. No se convierte a UTC.
2025-10-13 02:54:21Z - No se pudo interpretar la hora 'Day 2'. Se mantiene el valor original.
2025-10-13 02:54:21Z - Formato de hora inesperado 'Day 2'. No se convierte a UTC.
2025-10-13 02:54:31Z - No se pudo interpretar la hora 'Day 1'. Se mantiene el valor original.
2025-10-13 02:54:31Z - Formato de hora inesperado 'Day 1'. No se convierte a UTC.
2025-10-13 02:54:31Z - No se pudo interpretar la hora 'Day 2'. Se mantiene el valor original.
2025-10-13 02:54:31Z - Formato de hora inesperado 'Day 2'. No se convierte a UTC.
2025-10-13 02:54:35Z - No se pudo interpretar la hora 'Day 3'. Se mantiene el valor original.
2025-10-13 02:54:35Z - Formato de hora inesperado 'Day 3'. No se convierte a UTC.
2025-10-13 02:54:37Z - No se pudo interpretar la hora 'Day 4'. Se mantiene el valor original.
2025-10-13 02:54:37Z - Formato de hora inesperado 'Day 4'. No se convierte a UTC.
2025-10-13 02:54:37Z - No se pudo interpretar la hora 'Day 5'. Se mantiene el valor original.
2025-10-13 02:54:37Z - Formato de hora inesperado 'Day 5'. No se convierte a UTC.
2025-10-13 02:55:26Z - No se pudo interpretar la hora 'Day 1'. Se mantiene el valor original.
2025-10-13 02:55:26Z - Formato de hora inesperado 'Day 1'. No se convierte a UTC.
2025-10-13 02:55:27Z - No se pudo interpretar la hora 'Day 2'. Se mantiene el valor original.
2025-10-13 02:55:27Z - Formato de hora inesperado 'Day 2'. No se convierte a UTC.
2025-10-13 02:55:28Z - No se pudo interpretar la hora 'Day 3'. Se mantiene el valor original.
2025-10-13 02:55:28Z - Formato de hora inesperado 'Day 3'. No se convierte a UTC.
2025-10-13 02:55:28Z - No se pudo interpretar la hora 'Day 1'. Se mantiene el valor original.
2025-10-13 02:55:28Z - Formato de hora inesperado 'Day 1'. No se convierte a UTC.
2025-10-13 02:55:29Z - No se pudo interpretar la hora 'Day 2'. Se mantiene el valor original.
2025-10-13 02:55:29Z - Formato de hora inesperado 'Day 2'. No se convierte a UTC.
2025-10-13 02:55:31Z - No se pudo interpretar la hora 'Day 3'. Se mantiene el valor original.
2025-10-13 02:55:31Z - Formato de hora inesperado 'Day 3'. No se convierte a UTC.
2025-10-13 02:55:44Z - No se pudo interpretar la hora 'Day 1'. Se mantiene el valor original.
2025-10-13 02:55:44Z - Formato de hora inesperado 'Day 1'. No se convierte a UTC.
2025-10-13 02:55:51Z - No se pudo interpretar la hora 'Day 2'. Se mantiene el valor original.
2025-10-13 02:55:51Z - Formato de hora inesperado 'Day 2'. No se convierte a UTC.
2025-10-13 02:56:29Z - No se pudo interpretar la hora 'Day 1'. Se mantiene el valor original.
2025-10-13 02:56:29Z - Formato de hora inesperado 'Day 1'. No se convierte a UTC.
2025-10-13 02:56:30Z - No se pudo interpretar la hora 'Day 2'. Se mantiene el valor original.
2025-10-13 02:56:30Z - Formato de hora inesperado 'Day 2'. No se convierte a UTC.
2025-10-13 02:56:32Z - No se pudo interpretar la hora 'Day 3'. Se mantiene el valor original.
2025-10-13 02:56:32Z - Formato de hora inesperado 'Day 3'. No se convierte a UTC.
2025-10-13 02:56:32Z - No se pudo interpretar la hora 'Day 4'. Se mantiene el valor original.
2025-10-13 02:56:32Z - Formato de hora inesperado 'Day 4'. No se convierte a UTC.
2025-10-13 02:56:34Z - No se pudo interpretar la hora 'Day 5'. Se mantiene el valor original.
2025-10-13 02:56:34Z - Formato de hora inesperado 'Day 5'. No se convierte a UTC.
2025-10-13 02:56:34Z - No se pudo interpretar la hora 'Day 6'. Se mantiene el valor original.
2025-10-13 02:56:34Z - Formato de hora inesperado 'Day 6'. No se convierte a UTC.
2025-10-13 02:56:36Z - No se pudo interpretar la hora 'Day 7'. Se mantiene el valor original.
2025-10-13 02:56:36Z - Formato de hora inesperado 'Day 7'. No se convierte a UTC.
2025-10-13 02:57:11Z - No se pudo interpretar la hora 'Day 1'. Se mantiene el valor original.
2025-10-13 02:57:11Z - Formato de hora inesperado 'Day 1'. No se convierte a UTC.
2025-10-13 02:57:11Z - No se pudo interpretar la hora 'Day 2'. Se mantiene el valor original.
2025-10-13 02:57:11Z - Formato de hora inesperado 'Day 2'. No se convierte a UTC.
2025-10-13 02:57:21Z - No se pudo interpretar la hora 'Nov 3rd'. Se mantiene el valor original.
2025-10-13 02:57:21Z - Formato de hora inesperado 'Nov 3rd'. No se convierte a UTC.
2025-10-13 02:57:22Z - No se pudo interpretar la hora 'Nov 3rd'. Se mantiene el valor original.
2025-10-13 02:57:22Z - Formato de hora inesperado 'Nov 3rd'. No se convierte a UTC.
2025-10-13 02:58:42Z - No se pudo interpretar la hora 'Day 1'. Se mantiene el valor original.
2025-10-13 02:58:42Z - Formato de hora inesperado 'Day 1'. No se convierte a UTC.
2025-10-13 02:58:43Z - No se pudo interpretar la hora 'Day 2'. Se mantiene el valor original.
2025-10-13 02:58:43Z - Formato de hora inesperado 'Day 2'. No se convierte a UTC.
2025-10-13 02:58:44Z - No se pudo interpretar la hora 'Day 3'. Se mantiene el valor original.
2025-10-13 02:58:44Z - Formato de hora inesperado 'Day 3'. No se convierte a UTC.
2025-10-13 02:58:46Z - No se pudo interpretar la hora 'Day 4'. Se mantiene el valor original.
2025-10-13 02:58:46Z - Formato de hora inesperado 'Day 4'. No se convierte a UTC.
2025-10-13 02:58:47Z - No se pudo interpretar la hora 'Day 5'. Se mantiene el valor original.
2025-10-13 02:58:47Z - Formato de hora inesperado 'Day 5'. No se convierte a UTC.
2025-10-13 02:59:29Z - No se pudo interpretar la hora 'Day 1'. Se mantiene el valor original.
2025-10-13 02:59:29Z - Formato de hora inesperado 'Day 1'. No se convierte a UTC.
2025-10-13 02:59:29Z - No se pudo interpretar la hora 'Day 2'. Se mantiene el valor original.
2025-10-13 02:59:29Z - Formato de hora inesperado 'Day 2'. No se convierte a UTC.
2025-10-13 02:59:31Z - No se pudo interpretar la hora 'Day 3'. Se mantiene el valor original.
2025-10-13 02:59:31Z - Formato de hora inesperado 'Day 3'. No se convierte a UTC.
2025-10-13 02:59:35Z - No se pudo interpretar la hora 'Day 1'. Se mantiene el valor original.
2025-10-13 02:59:35Z - Formato de hora inesperado 'Day 1'. No se convierte a UTC.
2025-10-13 02:59:38Z - No se pudo interpretar la hora 'Day 2'. Se mantiene el valor original.
2025-10-13 02:59:38Z - Formato de hora inesperado 'Day 2'. No se convierte a UTC.
2025-10-13 03:00:37Z - No se pudo interpretar la hora 'Day 1'. Se mantiene el valor original.
2025-10-13 03:00:37Z - Formato de hora inesperado 'Day 1'. No se convierte a UTC.
2025-10-13 03:00:39Z - No se pudo interpretar la hora 'Day 2'. Se mantiene el valor original.
2025-10-13 03:00:39Z - Formato de hora inesperado 'Day 2'. No se convierte a UTC.
2025-10-13 03:00:40Z - No se pudo interpretar la hora 'Day 3'. Se mantiene el valor original.
2025-10-13 03:00:40Z - Formato de hora inesperado 'Day 3'. No se convierte a UTC.
2025-10-13 03:00:41Z - No se pudo interpretar la hora 'Day 4'. Se mantiene el valor original.
2025-10-13 03:00:41Z - Formato de hora inesperado 'Day 4'. No se convierte a UTC.
2025-10-13 03:00:42Z - No se pudo interpretar la hora 'Day 5'. Se mantiene el valor original.
2025-10-13 03:00:42Z - Formato de hora inesperado 'Day 5'. No se convierte a UTC.
2025-10-13 03:00:43Z - No se pudo interpretar la hora 'Day 6'. Se mantiene el valor original.
2025-10-13 03:00:43Z - Formato de hora inesperado 'Day 6'. No se convierte a UTC.
2025-10-13 03:01:43Z - No se pudo interpretar la hora 'Day 1'. Se mantiene el valor original.
2025-10-13 03:01:43Z - Formato de hora inesperado 'Day 1'. No se convierte a UTC.
2025-10-13 03:01:49Z - No se pudo interpretar la hora 'Day 2'. Se mantiene el valor original.
2025-10-13 03:01:49Z - Formato de hora inesperado 'Day 2'. No se convierte a UTC.
2025-10-13 03:01:51Z - No se pudo interpretar la hora 'Day 3'. Se mantiene el valor original.
2025-10-13 03:01:51Z - Formato de hora inesperado 'Day 3'. No se convierte a UTC.
2025-10-13 03:02:23Z - No se pudo interpretar la hora 'Day 1'. Se mantiene el valor original.
2025-10-13 03:02:23Z - Formato de hora inesperado 'Day 1'. No se convierte a UTC.
2025-10-13 03:02:27Z - No se pudo interpretar la hora 'Day 2'. Se mantiene el valor original.
2025-10-13 03:02:27Z - Formato de hora inesperado 'Day 2'. No se convierte a UTC.
2025-10-13 03:02:30Z - No se pudo interpretar la hora 'Day 3'. Se mantiene el valor original.
2025-10-13 03:02:30Z - Formato de hora inesperado 'Day 3'. No se convierte a UTC.
2025-10-13 03:02:32Z - No se pudo interpretar la hora 'Day 4'. Se mantiene el valor original.
2025-10-13 03:02:32Z - Formato de hora inesperado 'Day 4'. No se convierte a UTC.
2025-10-13 03:02:46Z - No se pudo interpretar la hora 'Day 1'. Se mantiene el valor original.
2025-10-13 03:02:46Z - Formato de hora inesperado 'Day 1'. No se convierte a UTC.
2025-10-13 03:02:50Z - No se pudo interpretar la hora 'Day 2'. Se mantiene el valor original.
2025-10-13 03:02:50Z - Formato de hora inesperado 'Day 2'. No se convierte a UTC.
2025-10-13 03:02:52Z - No se pudo interpretar la hora 'Day 3'. Se mantiene el valor original.
2025-10-13 03:02:52Z - Formato de hora inesperado 'Day 3'. No se convierte a UTC.
2025-10-13 03:04:55Z - No se pudo interpretar la hora 'Day 1'. Se mantiene el valor original.
2025-10-13 03:04:55Z - Formato de hora inesperado 'Day 1'. No se convierte a UTC.
2025-10-13 03:04:58Z - No se pudo interpretar la hora 'Day 2'. Se mantiene el valor original.
2025-10-13 03:04:58Z - Formato de hora inesperado 'Day 2'. No se convierte a UTC.
2025-10-13 03:06:07Z - No se pudo interpretar la hora 'Day 1'. Se mantiene el valor original.
2025-10-13 03:06:07Z - Formato de hora inesperado 'Day 1'. No se convierte a UTC.
2025-10-13 03:06:12Z - No se pudo interpretar la hora 'Day 2'. Se mantiene el valor original.
2025-10-13 03:06:12Z - Formato de hora inesperado 'Day 2'. No se convierte a UTC.
2025-10-13 03:06:15Z - No se pudo interpretar la hora 'Day 3'. Se mantiene el valor original.
2025-10-13 03:06:15Z - Formato de hora inesperado 'Day 3'. No se convierte a UTC.
2025-10-13 03:07:20Z - No se pudo interpretar la hora 'Day 1'. Se mantiene el valor original.
2025-10-13 03:07:20Z - Formato de hora inesperado 'Day 1'. No se convierte a UTC.
2025-10-13 03:07:23Z - No se pudo interpretar la hora 'Day 2'. Se mantiene el valor original.
2025-10-13 03:07:23Z - Formato de hora inesperado 'Day 2'. No se convierte a UTC.
2025-10-13 03:08:54Z - No se pudo interpretar la hora 'May Data'. Se mantiene el valor original.
2025-10-13 03:08:54Z - Formato de hora inesperado 'May Data'. No se convierte a UTC.
2025-10-13 03:08:54Z - No se pudo interpretar la hora 'June Data'. Se mantiene el valor original.
2025-10-13 03:08:54Z - Formato de hora inesperado 'June Data'. No se convierte a UTC.
2025-10-13 03:08:54Z - No se pudo interpretar la hora 'July Data'. Se mantiene el valor original.
2025-10-13 03:08:54Z - Formato de hora inesperado 'July Data'. No se convierte a UTC.
2025-10-13 03:09:27Z - No se pudo interpretar la hora 'Day 1'. Se mantiene el valor original.
2025-10-13 03:09:27Z - Formato de hora inesperado 'Day 1'. No se convierte a UTC.
2025-10-13 03:09:31Z - No se pudo interpretar la hora 'Day 1'. Se mantiene el valor original.
2025-10-13 03:09:31Z - Formato de hora inesperado 'Day 1'. No se convierte a UTC.
2025-10-13 03:09:31Z - No se pudo interpretar la hora 'Day 2'. Se mantiene el valor original.
2025-10-13 03:09:31Z - Formato de hora inesperado 'Day 2'. No se convierte a UTC.
2025-10-13 03:09:35Z - No se pudo interpretar la hora 'Day 2'. Se mantiene el valor original.
2025-10-13 03:09:35Z - Formato de hora inesperado 'Day 2'. No se convierte a UTC.
2025-10-13 03:09:35Z - No se pudo interpretar la hora 'Day 3'. Se mantiene el valor original.
2025-10-13 03:09:35Z - Formato de hora inesperado 'Day 3'. No se convierte a UTC.
2025-10-13 03:09:38Z - No se pudo interpretar la hora 'Day 3'. Se mantiene el valor original.
2025-10-13 03:09:38Z - Formato de hora inesperado 'Day 3'. No se convierte a UTC.
2025-10-13 03:09:38Z - No se pudo interpretar la hora 'Day 4'. Se mantiene el valor original.
2025-10-13 03:09:38Z - Formato de hora inesperado 'Day 4'. No se convierte a UTC.
2025-10-13 03:09:40Z - No se pudo interpretar la hora 'Day 5'. Se mantiene el valor original.
2025-10-13 03:09:40Z - Formato de hora inesperado 'Day 5'. No se convierte a UTC.
2025-10-13 03:09:42Z - No se pudo interpretar la hora 'Day 6'. Se mantiene el valor original.
2025-10-13 03:09:42Z - Formato de hora inesperado 'Day 6'. No se convierte a UTC.
2025-10-13 03:10:53Z - No se pudo interpretar la hora 'Day 1'. Se mantiene el valor original.
2025-10-13 03:10:53Z - Formato de hora inesperado 'Day 1'. No se convierte a UTC.
2025-10-13 03:10:56Z - No se pudo interpretar la hora 'Day 2'. Se mantiene el valor original.
2025-10-13 03:10:56Z - Formato de hora inesperado 'Day 2'. No se convierte a UTC.
2025-10-13 03:14:18Z - No se pudo interpretar la hora 'Day 1'. Se mantiene el valor original.
2025-10-13 03:14:18Z - Formato de hora inesperado 'Day 1'. No se convierte a UTC.
2025-10-13 03:14:20Z - No se pudo interpretar la hora 'Day 2'. Se mantiene el valor original.
2025-10-13 03:14:20Z - Formato de hora inesperado 'Day 2'. No se convierte a UTC.
2025-10-13 03:14:27Z - No se pudo interpretar la hora 'Day 3'. Se mantiene el valor original.
2025-10-13 03:14:27Z - Formato de hora inesperado 'Day 3'. No se convierte a UTC.
2025-10-13 03:14:30Z - No se pudo interpretar la hora 'Day 4'. Se mantiene el valor original.
2025-10-13 03:14:30Z - Formato de hora inesperado 'Day 4'. No se convierte a UTC.
2025-10-13 03:14:32Z - No se pudo interpretar la hora 'Day 5'. Se mantiene el valor original.
2025-10-13 03:14:32Z - Formato de hora inesperado 'Day 5'. No se convierte a UTC.
2025-10-13 03:16:13Z - No se pudo interpretar la hora 'Day 1'. Se mantiene el valor original.
2025-10-13 03:16:13Z - Formato de hora inesperado 'Day 1'. No se convierte a UTC.
2025-10-13 03:16:16Z - No se pudo interpretar la hora 'Day 2'. Se mantiene el valor original.
2025-10-13 03:16:16Z - Formato de hora inesperado 'Day 2'. No se convierte a UTC.
2025-10-13 03:19:09Z - No se pudo interpretar la hora 'Day 1'. Se mantiene el valor original.
2025-10-13 03:19:09Z - Formato de hora inesperado 'Day 1'. No se convierte a UTC.
2025-10-13 03:19:12Z - No se pudo interpretar la hora 'Day 2'. Se mantiene el valor original.
2025-10-13 03:19:12Z - Formato de hora inesperado 'Day 2'. No se convierte a UTC.
2025-10-13 03:19:14Z - No se pudo interpretar la hora 'Day 3'. Se mantiene el valor original.
2025-10-13 03:19:14Z - Formato de hora inesperado 'Day 3'. No se convierte a UTC.
2025-10-13 03:19:17Z - No se pudo interpretar la hora 'Day 4'. Se mantiene el valor original.
2025-10-13 03:19:17Z - Formato de hora inesperado 'Day 4'. No se convierte a UTC.
2025-10-13 03:19:19Z - No se pudo interpretar la hora 'Day 5'. Se mantiene el valor original.
2025-10-13 03:19:19Z - Formato de hora inesperado 'Day 5'. No se convierte a UTC.
2025-10-13 03:19:23Z - No se pudo interpretar la hora 'Day 6'. Se mantiene el valor original.
2025-10-13 03:19:23Z - Formato de hora inesperado 'Day 6'. No se convierte a UTC.
2025-10-13 03:19:25Z - No se pudo interpretar la hora 'Day 7'. Se mantiene el valor original.
2025-10-13 03:19:25Z - Formato de hora inesperado 'Day 7'. No se convierte a UTC.
2025-10-13 03:20:46Z - No se pudo interpretar la hora 'Day 1'. Se mantiene el valor original.
2025-10-13 03:20:46Z - Formato de hora inesperado 'Day 1'. No se convierte a UTC.
2025-10-13 03:20:49Z - No se pudo interpretar la hora 'Day 2'. Se mantiene el valor original.
2025-10-13 03:20:49Z - Formato de hora inesperado 'Day 2'. No se convierte a UTC.
2025-10-13 03:20:52Z - No se pudo interpretar la hora 'Day 3'. Se mantiene el valor original.
2025-10-13 03:20:52Z - Formato de hora inesperado 'Day 3'. No se convierte a UTC.
2025-10-13 03:21:58Z - No se pudo interpretar la hora 'Day 1'. Se mantiene el valor original.
2025-10-13 03:21:58Z - Formato de hora inesperado 'Day 1'. No se convierte a UTC.
2025-10-13 03:22:03Z - No se pudo interpretar la hora 'Day 2'. Se mantiene el valor original.
2025-10-13 03:22:03Z - Formato de hora inesperado 'Day 2'. No se convierte a UTC.
2025-10-13 03:23:12Z - No se pudo interpretar la hora 'Day 1'. Se mantiene el valor original.
2025-10-13 03:23:12Z - Formato de hora inesperado 'Day 1'. No se convierte a UTC.
2025-10-13 03:23:15Z - No se pudo interpretar la hora 'Day 2'. Se mantiene el valor original.
2025-10-13 03:23:15Z - Formato de hora inesperado 'Day 2'. No se convierte a UTC.
2025-10-13 03:23:46Z - No se pudo interpretar la hora 'Day 1'. Se mantiene el valor original.
2025-10-13 03:23:46Z - Formato de hora inesperado 'Day 1'. No se convierte a UTC.
2025-10-13 03:23:50Z - No se pudo interpretar la hora 'Day 2'. Se mantiene el valor original.
2025-10-13 03:23:50Z - Formato de hora inesperado 'Day 2'. No se convierte a UTC.
2025-10-13 03:25:26Z - No se pudo interpretar la hora 'Day 1'. Se mantiene el valor original.
2025-10-13 03:25:26Z - Formato de hora inesperado 'Day 1'. No se convierte a UTC.
2025-10-13 03:25:30Z - No se pudo interpretar la hora 'Day 2'. Se mantiene el valor original.
2025-10-13 03:25:30Z - Formato de hora inesperado 'Day 2'. No se convierte a UTC.
2025-10-13 03:25:32Z - No se pudo interpretar la hora 'Day 3'. Se mantiene el valor original.
2025-10-13 03:25:32Z - Formato de hora inesperado 'Day 3'. No se convierte a UTC.
